"../../../Engine/Plugins/Interchange/Runtime/Content/Pipelines/DefaultTexturePipeline.uasset" 0
"../../../Engine/Plugins/Interchange/Runtime/Content/Pipelines/DefaultTexturePipeline.uexp" 1
"../../../Engine/Plugins/Interchange/Runtime/Content/Pipelines/DefaultSceneLevelPipeline.uasset" 2
"../../../Engine/Plugins/Interchange/Runtime/Content/Pipelines/DefaultSceneLevelPipeline.uexp" 3
"../../../Engine/Plugins/Interchange/Runtime/Content/Pipelines/DefaultSceneAssetsPipeline.uasset" 4
"../../../Engine/Plugins/Interchange/Runtime/Content/Pipelines/DefaultSceneAssetsPipeline.uexp" 5
"../../../Engine/Plugins/Interchange/Runtime/Content/Pipelines/DefaultMaterialXPipeline.uasset" 6
"../../../Engine/Plugins/Interchange/Runtime/Content/Pipelines/DefaultMaterialXPipeline.uexp" 7
"../../../Engine/Plugins/Interchange/Runtime/Content/Pipelines/DefaultMaterialPipeline.uasset" 8
"../../../Engine/Plugins/Interchange/Runtime/Content/Pipelines/DefaultMaterialPipeline.uexp" 9
"../../../Engine/Plugins/Interchange/Runtime/Content/Pipelines/DefaultGLTFSceneAssetsPipeline.uasset" 10
"../../../Engine/Plugins/Interchange/Runtime/Content/Pipelines/DefaultGLTFSceneAssetsPipeline.uexp" 11
"../../../Engine/Plugins/Interchange/Runtime/Content/Pipelines/DefaultGLTFPipeline.uasset" 12
"../../../Engine/Plugins/Interchange/Runtime/Content/Pipelines/DefaultGLTFPipeline.uexp" 13
"../../../Engine/Plugins/Interchange/Runtime/Content/Pipelines/DefaultGLTFAssetsPipeline.uasset" 14
"../../../Engine/Plugins/Interchange/Runtime/Content/Pipelines/DefaultGLTFAssetsPipeline.uexp" 15
"../../../Engine/Plugins/Interchange/Runtime/Content/Pipelines/DefaultAssetsPipeline.uasset" 16
"../../../Engine/Plugins/Interchange/Runtime/Content/Pipelines/DefaultAssetsPipeline.uexp" 17
"../../../Engine/Plugins/Animation/ControlRig/Content/Controls/DefaultGizmoLibraryNormalized.uasset" 18
"../../../Engine/Plugins/Animation/ControlRig/Content/Controls/DefaultGizmoLibraryNormalized.uexp" 19
"../../../Engine/Plugins/Animation/ACLPlugin/Content/ACLAnimCurveCompressionSettings.uasset" 20
"../../../Engine/Plugins/Animation/ACLPlugin/Content/ACLAnimCurveCompressionSettings.uexp" 21
"../../../Engine/Plugins/Animation/ACLPlugin/Content/ACLAnimBoneCompressionSettings.uasset" 22
"../../../Engine/Plugins/Animation/ACLPlugin/Content/ACLAnimBoneCompressionSettings.uexp" 23
"../../../Engine/Plugins/2D/Paper2D/Content/PlaceholderTextures/DummySpriteTexture.ubulk" 24
"../../../Engine/Plugins/2D/Paper2D/Content/PlaceholderTextures/DummySpriteTexture.uasset" 25
"../../../Engine/Plugins/2D/Paper2D/Content/PlaceholderTextures/DummySpriteTexture.uexp" 26
"../../../Engine/Plugins/2D/Paper2D/Content/DummySprite.uasset" 27
"../../../Engine/Plugins/2D/Paper2D/Content/DummySprite.uexp" 28
"../../../Engine/Plugins/2D/Paper2D/Content/DefaultPaperTerrainMaterial.uasset" 29
"../../../Engine/Plugins/2D/Paper2D/Content/DefaultPaperTerrainMaterial.uexp" 30
"../../../Engine/Content/EngineSounds/Master.uasset" 31
"../../../Engine/Content/EngineSounds/Master.uexp" 32
"../../../Engine/Content/EngineMaterials/DefaultPhysicalMaterial.uasset" 33
"../../../Engine/Content/EngineMaterials/DefaultPhysicalMaterial.uexp" 34
"../../../Engine/Content/EngineMaterials/DefaultDestructiblePhysicalMaterial.uasset" 35
"../../../Engine/Content/EngineMaterials/DefaultDestructiblePhysicalMaterial.uexp" 36
"../../../Engine/Content/EngineFonts/Faces/RobotoLight.uexp" 37
"../../../Engine/Content/EngineFonts/Faces/RobotoLight.uasset" 38
"../../../Engine/Content/EngineFonts/Faces/RobotoLight.ufont" 39
"../../../Engine/Content/EngineFonts/Faces/RobotoBold.uexp" 40
"../../../Engine/Content/EngineFonts/Faces/RobotoBold.uasset" 41
"../../../Engine/Content/EngineFonts/Faces/RobotoBold.ufont" 42
"../../../Engine/Content/EngineFonts/Faces/RobotoRegular.uexp" 43
"../../../Engine/Content/EngineFonts/Faces/RobotoRegular.uasset" 44
"../../../Engine/Content/EngineFonts/Faces/RobotoRegular.ufont" 45
"../../../Engine/Content/EngineFonts/Faces/DroidSansFallback.uexp" 46
"../../../Engine/Content/EngineFonts/Faces/DroidSansFallback.uasset" 47
"../../../Engine/Content/EngineFonts/Faces/DroidSansFallback.ufont" 48
"../../../Engine/Content/EngineFonts/Faces/RobotoItalic.uexp" 49
"../../../Engine/Content/EngineFonts/Faces/RobotoItalic.uasset" 50
"../../../Engine/Content/EngineFonts/Faces/RobotoItalic.ufont" 51
"../../../Engine/Content/EngineFonts/Faces/RobotoBoldItalic.uexp" 52
"../../../Engine/Content/EngineFonts/Faces/RobotoBoldItalic.uasset" 53
"../../../Engine/Content/EngineFonts/Faces/RobotoBoldItalic.ufont" 54
"../../../Engine/Content/EngineFonts/Roboto.uasset" 55
"../../../Engine/Content/EngineFonts/Roboto.uexp" 56
"../../../Engine/Content/MobileResources/HUD/VirtualJoystick_Background.uasset" 57
"../../../Engine/Content/MobileResources/HUD/VirtualJoystick_Background.uexp" 58
"../../../Engine/Content/MobileResources/HUD/VirtualJoystick_Thumb.uasset" 59
"../../../Engine/Content/MobileResources/HUD/VirtualJoystick_Thumb.uexp" 60
"D:/MonophonicDevelopment/Monophonic/Monophonic/Content/FirstPerson/Input/MobileControls.uasset" 61
"D:/MonophonicDevelopment/Monophonic/Monophonic/Content/FirstPerson/Input/MobileControls.uexp" 62
"../../../Engine/Content/EditorResources/S_Actor.ubulk" 63
"../../../Engine/Content/EditorResources/S_Actor.uasset" 64
"../../../Engine/Content/EditorResources/S_Actor.uexp" 65
"../../../Engine/Plugins/Runtime/AudioWidgets/Content/Resources/ScrubHandleDown_Clamped.uasset" 66
"../../../Engine/Plugins/Runtime/AudioWidgets/Content/Resources/ScrubHandleDown_Clamped.uexp" 67
"../../../Engine/Content/EngineResources/GradientTexture0.uasset" 68
"../../../Engine/Content/EngineResources/GradientTexture0.uexp" 69
"../../../Engine/Content/EngineResources/DefaultTexture.ubulk" 70
"../../../Engine/Content/EngineResources/DefaultTexture.uasset" 71
"../../../Engine/Content/EngineResources/DefaultTexture.uexp" 72
"../../../Engine/Content/EngineResources/Black.uasset" 73
"../../../Engine/Content/EngineResources/Black.uexp" 74
"../../../Engine/Content/EngineMaterials/PreintegratedSkinBRDF.uasset" 75
"../../../Engine/Content/EngineMaterials/PreintegratedSkinBRDF.uexp" 76
"../../../Engine/Content/EngineMaterials/MiniFont.uasset" 77
"../../../Engine/Content/EngineMaterials/MiniFont.uexp" 78
"../../../Engine/Content/EngineMaterials/FastBlueNoise_vec2_128x128x64.uasset" 79
"../../../Engine/Content/EngineMaterials/FastBlueNoise_vec2_128x128x64.uexp" 80
"../../../Engine/Content/EngineMaterials/FastBlueNoise_scalar_128x128x64.uasset" 81
"../../../Engine/Content/EngineMaterials/FastBlueNoise_scalar_128x128x64.uexp" 82
"../../../Engine/Content/EngineMaterials/DefaultWhiteGrid.ubulk" 83
"../../../Engine/Content/EngineMaterials/DefaultWhiteGrid.uasset" 84
"../../../Engine/Content/EngineMaterials/DefaultWhiteGrid.uexp" 85
"../../../Engine/Content/EngineMaterials/DefaultBokeh.uasset" 86
"../../../Engine/Content/EngineMaterials/DefaultBokeh.uexp" 87
"../../../Engine/Content/EngineMaterials/DefaultBloomKernel.uasset" 88
"../../../Engine/Content/EngineMaterials/DefaultBloomKernel.uexp" 89
"../../../Engine/Content/EngineDamageTypes/DmgTypeBP_Environmental.uasset" 90
"../../../Engine/Content/EngineDamageTypes/DmgTypeBP_Environmental.uexp" 91
"../../../Engine/Content/EditorResources/S_TriggerSphere.uasset" 92
"../../../Engine/Content/EditorResources/S_TriggerSphere.uexp" 93
"../../../Engine/Content/EditorResources/S_TriggerCapsule.uasset" 94
"../../../Engine/Content/EditorResources/S_TriggerCapsule.uexp" 95
"../../../Engine/Content/EditorResources/S_TriggerBox.uasset" 96
"../../../Engine/Content/EditorResources/S_TriggerBox.uexp" 97
"../../../Engine/Content/EditorResources/S_Trigger.ubulk" 98
"../../../Engine/Content/EditorResources/S_Trigger.uasset" 99
"../../../Engine/Content/EditorResources/S_Trigger.uexp" 100
"../../../Engine/Content/EditorResources/S_Terrain.ubulk" 101
"../../../Engine/Content/EditorResources/S_Terrain.uasset" 102
"../../../Engine/Content/EditorResources/S_Terrain.uexp" 103
"../../../Engine/Content/EditorResources/S_Solver.ubulk" 104
"../../../Engine/Content/EditorResources/S_Solver.uasset" 105
"../../../Engine/Content/EditorResources/S_Solver.uexp" 106
"../../../Engine/Content/EditorResources/S_BoxReflectionCapture.uasset" 107
"../../../Engine/Content/EditorResources/S_BoxReflectionCapture.uexp" 108
"../../../Engine/Content/EditorResources/EmptyActor.uasset" 109
"../../../Engine/Content/EditorResources/EmptyActor.uexp" 110
"../../../Engine/Content/EditorResources/BSPVertex.uasset" 111
"../../../Engine/Content/EditorResources/BSPVertex.uexp" 112
"../../../Engine/Content/EditorLandscapeResources/DefaultAlphaTexture.uasset" 113
"../../../Engine/Content/EditorLandscapeResources/DefaultAlphaTexture.uexp" 114
"../../../Engine/Content/EngineResources/FilmGrains/Marcie_Grain_v3_128_M2_000.uasset" 115
"../../../Engine/Content/EngineResources/FilmGrains/Marcie_Grain_v3_128_M2_000.uexp" 116
"../../../Engine/Content/EngineMaterials/LTC/Sheen_LTC.uasset" 117
"../../../Engine/Content/EngineMaterials/LTC/Sheen_LTC.uexp" 118
"../../../Engine/Content/EngineMaterials/LTC/GGX_LTCMat.uasset" 119
"../../../Engine/Content/EngineMaterials/LTC/GGX_LTCMat.uexp" 120
"../../../Engine/Content/EngineMaterials/LTC/GGX_LTCAmp.uasset" 121
"../../../Engine/Content/EngineMaterials/LTC/GGX_LTCAmp.uexp" 122
"../../../Engine/Content/EngineMaterials/EnergyConservation/Sheen_Energy.uasset" 123
"../../../Engine/Content/EngineMaterials/EnergyConservation/Sheen_Energy.uexp" 124
"../../../Engine/Content/EngineMaterials/EnergyConservation/SheenLegacy_Energy.uasset" 125
"../../../Engine/Content/EngineMaterials/EnergyConservation/SheenLegacy_Energy.uexp" 126
"../../../Engine/Content/EngineMaterials/EnergyConservation/GGX_TransmissionEnergyArray.uasset" 127
"../../../Engine/Content/EngineMaterials/EnergyConservation/GGX_TransmissionEnergyArray.uexp" 128
"../../../Engine/Content/EngineMaterials/EnergyConservation/GGX_ReflectionEnergy.uasset" 129
"../../../Engine/Content/EngineMaterials/EnergyConservation/GGX_ReflectionEnergy.uexp" 130
"../../../Engine/Content/EngineMaterials/EnergyConservation/Diffuse_Energy.uasset" 131
"../../../Engine/Content/EngineMaterials/EnergyConservation/Diffuse_Energy.uexp" 132
"../../../Engine/Content/EditorResources/SequenceRecorder/RecordingIndicator.uasset" 133
"../../../Engine/Content/EditorResources/SequenceRecorder/RecordingIndicator.uexp" 134
"../../../Engine/Content/EditorResources/SequenceRecorder/Countdown.uasset" 135
"../../../Engine/Content/EditorResources/SequenceRecorder/Countdown.uexp" 136
"../../../Engine/Content/EditorMaterials/ParticleSystems/PSysThumbnail_OOD.ubulk" 137
"../../../Engine/Content/EditorMaterials/ParticleSystems/PSysThumbnail_OOD.uasset" 138
"../../../Engine/Content/EditorMaterials/ParticleSystems/PSysThumbnail_OOD.uexp" 139
"../../../Engine/Content/EditorMaterials/ParticleSystems/PSysThumbnail_NoImage.ubulk" 140
"../../../Engine/Content/EditorMaterials/ParticleSystems/PSysThumbnail_NoImage.uasset" 141
"../../../Engine/Content/EditorMaterials/ParticleSystems/PSysThumbnail_NoImage.uexp" 142
"D:/MonophonicDevelopment/Monophonic/Monophonic/Content/Erin/InteractiveSystem/BPI_Interaction.uasset" 143
"D:/MonophonicDevelopment/Monophonic/Monophonic/Content/Erin/InteractiveSystem/BPI_Interaction.uexp" 144
"D:/MonophonicDevelopment/Monophonic/Monophonic/Content/Erin/InteractiveSystem/EBUTTONBetter.uasset" 145
"D:/MonophonicDevelopment/Monophonic/Monophonic/Content/Erin/InteractiveSystem/EBUTTONBetter.uexp" 146
"D:/MonophonicDevelopment/Monophonic/Monophonic/Content/Erin/InteractiveSystem/UI_Interact.uasset" 147
"D:/MonophonicDevelopment/Monophonic/Monophonic/Content/Erin/InteractiveSystem/UI_Interact.uexp" 148
"D:/MonophonicDevelopment/Monophonic/Monophonic/Content/Erin/RadioInteractive/RadioAudio/Songs/rampb-soul-do-you-miss-me-307175.ubulk" 149
"D:/MonophonicDevelopment/Monophonic/Monophonic/Content/Erin/RadioInteractive/RadioAudio/Songs/rampb-soul-do-you-miss-me-307175.uasset" 150
"D:/MonophonicDevelopment/Monophonic/Monophonic/Content/Erin/RadioInteractive/RadioAudio/Songs/rampb-soul-do-you-miss-me-307175.uexp" 151
"D:/MonophonicDevelopment/Monophonic/Monophonic/Content/Erin/RadioInteractive/RadioAudio/Songs/rampb-soul-desire-307178.ubulk" 152
"D:/MonophonicDevelopment/Monophonic/Monophonic/Content/Erin/RadioInteractive/RadioAudio/Songs/rampb-soul-desire-307178.uasset" 153
"D:/MonophonicDevelopment/Monophonic/Monophonic/Content/Erin/RadioInteractive/RadioAudio/Songs/rampb-soul-desire-307178.uexp" 154
"../../../Engine/Plugins/Interchange/Assets/Content/Functions/MF_PhongToMetalRoughness.uasset" 155
"../../../Engine/Plugins/Interchange/Assets/Content/Functions/MF_PhongToMetalRoughness.uexp" 156
"D:/MonophonicDevelopment/Monophonic/Monophonic/Content/Daniels/Models/Furniture/twalet/Material_002.uasset" 157
"D:/MonophonicDevelopment/Monophonic/Monophonic/Content/Daniels/Models/Furniture/twalet/Material_002.uexp" 158
"D:/MonophonicDevelopment/Monophonic/Monophonic/Content/Fatih/WAVs/Placeholders/WhiteNoiseTest.uasset" 159
"D:/MonophonicDevelopment/Monophonic/Monophonic/Content/Fatih/WAVs/Placeholders/WhiteNoiseTest.uexp" 160
"D:/MonophonicDevelopment/Monophonic/Monophonic/Content/Daniels/Models/radios/Material_003.uasset" 161
"D:/MonophonicDevelopment/Monophonic/Monophonic/Content/Daniels/Models/radios/Material_003.uexp" 162
"D:/MonophonicDevelopment/Monophonic/Monophonic/Content/Daniels/Models/radios/Material_005.uasset" 163
"D:/MonophonicDevelopment/Monophonic/Monophonic/Content/Daniels/Models/radios/Material_005.uexp" 164
"D:/MonophonicDevelopment/Monophonic/Monophonic/Content/Daniels/Models/radios/Material_002.uasset" 165
"D:/MonophonicDevelopment/Monophonic/Monophonic/Content/Daniels/Models/radios/Material_002.uexp" 166
"D:/MonophonicDevelopment/Monophonic/Monophonic/Content/Daniels/Models/radios/Material_004.uasset" 167
"D:/MonophonicDevelopment/Monophonic/Monophonic/Content/Daniels/Models/radios/Material_004.uexp" 168
"D:/MonophonicDevelopment/Monophonic/Monophonic/Content/Daniels/Models/radios/Material_001.uasset" 169
"D:/MonophonicDevelopment/Monophonic/Monophonic/Content/Daniels/Models/radios/Material_001.uexp" 170
"D:/MonophonicDevelopment/Monophonic/Monophonic/Content/Daniels/Models/radios/Radias.ubulk" 171
"D:/MonophonicDevelopment/Monophonic/Monophonic/Content/Daniels/Models/radios/Radias.uasset" 172
"D:/MonophonicDevelopment/Monophonic/Monophonic/Content/Daniels/Models/radios/Radias.uexp" 173
"D:/MonophonicDevelopment/Monophonic/Monophonic/Content/Fatih/WAVs/Placeholders/TestFM.uasset" 174
"D:/MonophonicDevelopment/Monophonic/Monophonic/Content/Fatih/WAVs/Placeholders/TestFM.uexp" 175
"D:/MonophonicDevelopment/Monophonic/Monophonic/Content/Erin/RadioInteractive/RadioAudio/News/NewsScriptDayTwo.ubulk" 176
"D:/MonophonicDevelopment/Monophonic/Monophonic/Content/Erin/RadioInteractive/RadioAudio/News/NewsScriptDayTwo.uasset" 177
"D:/MonophonicDevelopment/Monophonic/Monophonic/Content/Erin/RadioInteractive/RadioAudio/News/NewsScriptDayTwo.uexp" 178
"D:/MonophonicDevelopment/Monophonic/Monophonic/Content/Erin/RadioInteractive/RadioAudio/News/NewsScriptDayThree.ubulk" 179
"D:/MonophonicDevelopment/Monophonic/Monophonic/Content/Erin/RadioInteractive/RadioAudio/News/NewsScriptDayThree.uasset" 180
"D:/MonophonicDevelopment/Monophonic/Monophonic/Content/Erin/RadioInteractive/RadioAudio/News/NewsScriptDayThree.uexp" 181
"D:/MonophonicDevelopment/Monophonic/Monophonic/Content/Erin/RadioInteractive/UIRadio/radioslider.uasset" 182
"D:/MonophonicDevelopment/Monophonic/Monophonic/Content/Erin/RadioInteractive/UIRadio/radioslider.uexp" 183
"D:/MonophonicDevelopment/Monophonic/Monophonic/Content/Erin/TitleScreenSetUp/OldNewspaperTypes.uexp" 184
"D:/MonophonicDevelopment/Monophonic/Monophonic/Content/Erin/TitleScreenSetUp/OldNewspaperTypes.uasset" 185
"D:/MonophonicDevelopment/Monophonic/Monophonic/Content/Erin/TitleScreenSetUp/OldNewspaperTypes.ufont" 186
"D:/MonophonicDevelopment/Monophonic/Monophonic/Content/Erin/TitleScreenSetUp/OldNewspaperTypes_Font.uasset" 187
"D:/MonophonicDevelopment/Monophonic/Monophonic/Content/Erin/TitleScreenSetUp/OldNewspaperTypes_Font.uexp" 188
"D:/MonophonicDevelopment/Monophonic/Monophonic/Content/Erin/RadioInteractive/UIRadio/radiobase.uasset" 189
"D:/MonophonicDevelopment/Monophonic/Monophonic/Content/Erin/RadioInteractive/UIRadio/radiobase.uexp" 190
"D:/MonophonicDevelopment/Monophonic/Monophonic/Content/Erin/RadioInteractive/UIRadio/UI_Radio.uasset" 191
"D:/MonophonicDevelopment/Monophonic/Monophonic/Content/Erin/RadioInteractive/UIRadio/UI_Radio.uexp" 192
"D:/MonophonicDevelopment/Monophonic/Monophonic/Content/Erin/RadioInteractive/RadioAudio/News/NewsScriptDayFive.ubulk" 193
"D:/MonophonicDevelopment/Monophonic/Monophonic/Content/Erin/RadioInteractive/RadioAudio/News/NewsScriptDayFive.uasset" 194
"D:/MonophonicDevelopment/Monophonic/Monophonic/Content/Erin/RadioInteractive/RadioAudio/News/NewsScriptDayFive.uexp" 195
"D:/MonophonicDevelopment/Monophonic/Monophonic/Content/Erin/HUD/MaryKate.uexp" 196
"D:/MonophonicDevelopment/Monophonic/Monophonic/Content/Erin/HUD/MaryKate.uasset" 197
"D:/MonophonicDevelopment/Monophonic/Monophonic/Content/Erin/HUD/MaryKate.ufont" 198
"D:/MonophonicDevelopment/Monophonic/Monophonic/Content/Erin/HUD/MaryKate_Font.uasset" 199
"D:/MonophonicDevelopment/Monophonic/Monophonic/Content/Erin/HUD/MaryKate_Font.uexp" 200
"D:/MonophonicDevelopment/Monophonic/Monophonic/Content/Erin/HUD/DOTCROSSHAIR.uasset" 201
"D:/MonophonicDevelopment/Monophonic/Monophonic/Content/Erin/HUD/DOTCROSSHAIR.uexp" 202
"D:/MonophonicDevelopment/Monophonic/Monophonic/Content/Erin/HUD/radiolist.uasset" 203
"D:/MonophonicDevelopment/Monophonic/Monophonic/Content/Erin/HUD/radiolist.uexp" 204
"D:/MonophonicDevelopment/Monophonic/Monophonic/Content/Erin/HUD/controltutorialUI.uasset" 205
"D:/MonophonicDevelopment/Monophonic/Monophonic/Content/Erin/HUD/controltutorialUI.uexp" 206
"D:/MonophonicDevelopment/Monophonic/Monophonic/Content/Erin/HUD/tasklistui.uasset" 207
"D:/MonophonicDevelopment/Monophonic/Monophonic/Content/Erin/HUD/tasklistui.uexp" 208
"D:/MonophonicDevelopment/Monophonic/Monophonic/Content/Erin/HUD/tasktick1.uasset" 209
"D:/MonophonicDevelopment/Monophonic/Monophonic/Content/Erin/HUD/tasktick1.uexp" 210
"D:/MonophonicDevelopment/Monophonic/Monophonic/Content/FirstPerson/Input/Actions/IA_Look.uasset" 211
"D:/MonophonicDevelopment/Monophonic/Monophonic/Content/FirstPerson/Input/Actions/IA_Look.uexp" 212
"D:/MonophonicDevelopment/Monophonic/Monophonic/Content/FirstPersonArms/Character/Textures/Manny/T_Manny_02_N.ubulk" 213
"D:/MonophonicDevelopment/Monophonic/Monophonic/Content/FirstPersonArms/Character/Textures/Manny/T_Manny_02_N.uasset" 214
"D:/MonophonicDevelopment/Monophonic/Monophonic/Content/FirstPersonArms/Character/Textures/Manny/T_Manny_02_N.uexp" 215
"D:/MonophonicDevelopment/Monophonic/Monophonic/Content/FirstPersonArms/Character/Textures/Manny/T_Manny_02_BN.ubulk" 216
"D:/MonophonicDevelopment/Monophonic/Monophonic/Content/FirstPersonArms/Character/Textures/Manny/T_Manny_02_BN.uasset" 217
"D:/MonophonicDevelopment/Monophonic/Monophonic/Content/FirstPersonArms/Character/Textures/Manny/T_Manny_02_BN.uexp" 218
"D:/MonophonicDevelopment/Monophonic/Monophonic/Content/FirstPersonArms/Character/Textures/Manny/T_Manny_02_ASAOPMASK_MSK.ubulk" 219
"D:/MonophonicDevelopment/Monophonic/Monophonic/Content/FirstPersonArms/Character/Textures/Manny/T_Manny_02_ASAOPMASK_MSK.uasset" 220
"D:/MonophonicDevelopment/Monophonic/Monophonic/Content/FirstPersonArms/Character/Textures/Manny/T_Manny_02_ASAOPMASK_MSK.uexp" 221
"D:/MonophonicDevelopment/Monophonic/Monophonic/Content/FirstPersonArms/Character/Textures/Manny/T_Manny_01_ASAOPMASK_MSK.ubulk" 222
"D:/MonophonicDevelopment/Monophonic/Monophonic/Content/FirstPersonArms/Character/Textures/Manny/T_Manny_01_ASAOPMASK_MSK.uasset" 223
"D:/MonophonicDevelopment/Monophonic/Monophonic/Content/FirstPersonArms/Character/Textures/Manny/T_Manny_01_ASAOPMASK_MSK.uexp" 224
"D:/MonophonicDevelopment/Monophonic/Monophonic/Content/FirstPersonArms/Character/Textures/Manny/T_Manny_01_CCRCCPlastic_MSK.ubulk" 225
"D:/MonophonicDevelopment/Monophonic/Monophonic/Content/FirstPersonArms/Character/Textures/Manny/T_Manny_01_CCRCCPlastic_MSK.uasset" 226
"D:/MonophonicDevelopment/Monophonic/Monophonic/Content/FirstPersonArms/Character/Textures/Manny/T_Manny_01_CCRCCPlastic_MSK.uexp" 227
"D:/MonophonicDevelopment/Monophonic/Monophonic/Content/FirstPersonArms/Character/Textures/Manny/T_Manny_01_Tan.ubulk" 228
"D:/MonophonicDevelopment/Monophonic/Monophonic/Content/FirstPersonArms/Character/Textures/Manny/T_Manny_01_Tan.uasset" 229
"D:/MonophonicDevelopment/Monophonic/Monophonic/Content/FirstPersonArms/Character/Textures/Manny/T_Manny_01_Tan.uexp" 230
"D:/MonophonicDevelopment/Monophonic/Monophonic/Content/FirstPersonArms/Character/Textures/Manny/T_Manny_01_BN.ubulk" 231
"D:/MonophonicDevelopment/Monophonic/Monophonic/Content/FirstPersonArms/Character/Textures/Manny/T_Manny_01_BN.uasset" 232
"D:/MonophonicDevelopment/Monophonic/Monophonic/Content/FirstPersonArms/Character/Textures/Manny/T_Manny_01_BN.uexp" 233
"D:/MonophonicDevelopment/Monophonic/Monophonic/Content/FirstPersonArms/Character/Textures/Manny/T_Manny_01_MSR_MSK.ubulk" 234
"D:/MonophonicDevelopment/Monophonic/Monophonic/Content/FirstPersonArms/Character/Textures/Manny/T_Manny_01_MSR_MSK.uasset" 235
"D:/MonophonicDevelopment/Monophonic/Monophonic/Content/FirstPersonArms/Character/Textures/Manny/T_Manny_01_MSR_MSK.uexp" 236
"D:/MonophonicDevelopment/Monophonic/Monophonic/Content/FirstPersonArms/Character/Textures/Manny/T_Manny_01_N.ubulk" 237
"D:/MonophonicDevelopment/Monophonic/Monophonic/Content/FirstPersonArms/Character/Textures/Manny/T_Manny_01_N.uasset" 238
"D:/MonophonicDevelopment/Monophonic/Monophonic/Content/FirstPersonArms/Character/Textures/Manny/T_Manny_01_N.uexp" 239
"D:/MonophonicDevelopment/Monophonic/Monophonic/Content/FirstPersonArms/Character/Textures/Manny/T_Manny_01_D.ubulk" 240
"D:/MonophonicDevelopment/Monophonic/Monophonic/Content/FirstPersonArms/Character/Textures/Manny/T_Manny_01_D.uasset" 241
"D:/MonophonicDevelopment/Monophonic/Monophonic/Content/FirstPersonArms/Character/Textures/Manny/T_Manny_01_D.uexp" 242
"D:/MonophonicDevelopment/Monophonic/Monophonic/Content/FirstPersonArms/Character/Materials/Functions/ChromaticCurve.uasset" 243
"D:/MonophonicDevelopment/Monophonic/Monophonic/Content/FirstPersonArms/Character/Materials/Functions/ChromaticCurve.uexp" 244
"D:/MonophonicDevelopment/Monophonic/Monophonic/Content/FirstPersonArms/Character/Materials/Functions/CA_Mannequin.uasset" 245
"D:/MonophonicDevelopment/Monophonic/Monophonic/Content/FirstPersonArms/Character/Materials/Functions/CA_Mannequin.uexp" 246
"D:/MonophonicDevelopment/Monophonic/Monophonic/Content/FirstPersonArms/Character/Materials/Functions/MF_Diffraction.uasset" 247
"D:/MonophonicDevelopment/Monophonic/Monophonic/Content/FirstPersonArms/Character/Materials/Functions/MF_Diffraction.uexp" 248
"../../../Engine/Content/Functions/Engine_MaterialFunctions02/Utility/BreakOutFloat2Components.uasset" 249
"../../../Engine/Content/Functions/Engine_MaterialFunctions02/Utility/BreakOutFloat2Components.uexp" 250
"../../../Engine/Content/Functions/Engine_MaterialFunctions01/Texturing/ScaleUVsByCenter.uasset" 251
"../../../Engine/Content/Functions/Engine_MaterialFunctions01/Texturing/ScaleUVsByCenter.uexp" 252
"D:/MonophonicDevelopment/Monophonic/Monophonic/Content/FirstPersonArms/Character/Textures/Shared/T_UE_Logo_M.uasset" 253
"D:/MonophonicDevelopment/Monophonic/Monophonic/Content/FirstPersonArms/Character/Textures/Shared/T_UE_Logo_M.uexp" 254
"D:/MonophonicDevelopment/Monophonic/Monophonic/Content/FirstPersonArms/Character/Materials/Functions/MF_logo3layers.uasset" 255
"D:/MonophonicDevelopment/Monophonic/Monophonic/Content/FirstPersonArms/Character/Materials/Functions/MF_logo3layers.uexp" 256
"D:/MonophonicDevelopment/Monophonic/Monophonic/Content/FirstPersonArms/Character/Materials/Functions/ML_BaseColorFallOff.uasset" 257
"D:/MonophonicDevelopment/Monophonic/Monophonic/Content/FirstPersonArms/Character/Materials/Functions/ML_BaseColorFallOff.uexp" 258
"D:/MonophonicDevelopment/Monophonic/Monophonic/Content/FirstPersonArms/Character/Materials/M_Mannequin.uasset" 259
"D:/MonophonicDevelopment/Monophonic/Monophonic/Content/FirstPersonArms/Character/Materials/M_Mannequin.uexp" 260
"D:/MonophonicDevelopment/Monophonic/Monophonic/Content/FirstPersonArms/Character/Materials/Instances/Manny/MI_Manny_01.uasset" 261
"D:/MonophonicDevelopment/Monophonic/Monophonic/Content/FirstPersonArms/Character/Materials/Instances/Manny/MI_Manny_01.uexp" 262
"D:/MonophonicDevelopment/Monophonic/Monophonic/Content/FirstPersonArms/Character/Textures/Manny/T_Manny_02_CCRCCPlastic_MSK.ubulk" 263
"D:/MonophonicDevelopment/Monophonic/Monophonic/Content/FirstPersonArms/Character/Textures/Manny/T_Manny_02_CCRCCPlastic_MSK.uasset" 264
"D:/MonophonicDevelopment/Monophonic/Monophonic/Content/FirstPersonArms/Character/Textures/Manny/T_Manny_02_CCRCCPlastic_MSK.uexp" 265
"D:/MonophonicDevelopment/Monophonic/Monophonic/Content/FirstPersonArms/Character/Textures/Manny/T_Manny_02_MSR_MSK.ubulk" 266
"D:/MonophonicDevelopment/Monophonic/Monophonic/Content/FirstPersonArms/Character/Textures/Manny/T_Manny_02_MSR_MSK.uasset" 267
"D:/MonophonicDevelopment/Monophonic/Monophonic/Content/FirstPersonArms/Character/Textures/Manny/T_Manny_02_MSR_MSK.uexp" 268
"D:/MonophonicDevelopment/Monophonic/Monophonic/Content/FirstPersonArms/Character/Textures/Manny/T_Manny_02_D.ubulk" 269
"D:/MonophonicDevelopment/Monophonic/Monophonic/Content/FirstPersonArms/Character/Textures/Manny/T_Manny_02_D.uasset" 270
"D:/MonophonicDevelopment/Monophonic/Monophonic/Content/FirstPersonArms/Character/Textures/Manny/T_Manny_02_D.uexp" 271
"D:/MonophonicDevelopment/Monophonic/Monophonic/Content/FirstPersonArms/Character/Textures/Manny/T_Manny_02_Tan.ubulk" 272
"D:/MonophonicDevelopment/Monophonic/Monophonic/Content/FirstPersonArms/Character/Textures/Manny/T_Manny_02_Tan.uasset" 273
"D:/MonophonicDevelopment/Monophonic/Monophonic/Content/FirstPersonArms/Character/Textures/Manny/T_Manny_02_Tan.uexp" 274
"D:/MonophonicDevelopment/Monophonic/Monophonic/Content/FirstPersonArms/Character/Materials/Instances/Manny/MI_Manny_02.uasset" 275
"D:/MonophonicDevelopment/Monophonic/Monophonic/Content/FirstPersonArms/Character/Materials/Instances/Manny/MI_Manny_02.uexp" 276
"D:/MonophonicDevelopment/Monophonic/Monophonic/Content/FirstPersonArms/Character/Mesh/SK_Mannequin_Arms_PhysicsAsset.uasset" 277
"D:/MonophonicDevelopment/Monophonic/Monophonic/Content/FirstPersonArms/Character/Mesh/SK_Mannequin_Arms_PhysicsAsset.uexp" 278
"D:/MonophonicDevelopment/Monophonic/Monophonic/Content/FirstPersonArms/Character/Mesh/SK_Mannequin_Arms_Skeleton.uasset" 279
"D:/MonophonicDevelopment/Monophonic/Monophonic/Content/FirstPersonArms/Character/Mesh/SK_Mannequin_Arms_Skeleton.uexp" 280
"D:/MonophonicDevelopment/Monophonic/Monophonic/Content/FirstPersonArms/Character/Mesh/SK_Mannequin_Arms.uasset" 281
"D:/MonophonicDevelopment/Monophonic/Monophonic/Content/FirstPersonArms/Character/Mesh/SK_Mannequin_Arms.uexp" 282
"D:/MonophonicDevelopment/Monophonic/Monophonic/Content/FirstPerson/Input/Actions/IA_Move.uasset" 283
"D:/MonophonicDevelopment/Monophonic/Monophonic/Content/FirstPerson/Input/Actions/IA_Move.uexp" 284
"D:/MonophonicDevelopment/Monophonic/Monophonic/Content/Erin/Interactables/OLD/PickUp.uasset" 285
"D:/MonophonicDevelopment/Monophonic/Monophonic/Content/Erin/Interactables/OLD/PickUp.uexp" 286
"D:/MonophonicDevelopment/Monophonic/Monophonic/Content/FirstPerson/Input/Actions/IA_Jump.uasset" 287
"D:/MonophonicDevelopment/Monophonic/Monophonic/Content/FirstPerson/Input/Actions/IA_Jump.uexp" 288
"D:/MonophonicDevelopment/Monophonic/Monophonic/Content/FirstPerson/Input/IMC_Default.uasset" 289
"D:/MonophonicDevelopment/Monophonic/Monophonic/Content/FirstPerson/Input/IMC_Default.uexp" 290
"D:/MonophonicDevelopment/Monophonic/Monophonic/Content/Erin/MonoGameInstance.uasset" 291
"D:/MonophonicDevelopment/Monophonic/Monophonic/Content/Erin/MonoGameInstance.uexp" 292
"D:/MonophonicDevelopment/Monophonic/Monophonic/Content/HeldItemEnum.uasset" 293
"D:/MonophonicDevelopment/Monophonic/Monophonic/Content/HeldItemEnum.uexp" 294
"../../../Engine/Content/Animation/DefaultAnimCurveCompressionSettings.uasset" 295
"../../../Engine/Content/Animation/DefaultAnimCurveCompressionSettings.uexp" 296
"../../../Engine/Content/Animation/DefaultAnimBoneCompressionSettings.uasset" 297
"../../../Engine/Content/Animation/DefaultAnimBoneCompressionSettings.uexp" 298
"D:/MonophonicDevelopment/Monophonic/Monophonic/Content/FirstPersonArms/Animations/FP_Rifle_Idle.uasset" 299
"D:/MonophonicDevelopment/Monophonic/Monophonic/Content/FirstPersonArms/Animations/FP_Rifle_Idle.uexp" 300
"D:/MonophonicDevelopment/Monophonic/Monophonic/Content/FirstPersonArms/Animations/FP_Rifle_Land.uasset" 301
"D:/MonophonicDevelopment/Monophonic/Monophonic/Content/FirstPersonArms/Animations/FP_Rifle_Land.uexp" 302
"D:/MonophonicDevelopment/Monophonic/Monophonic/Content/FirstPersonArms/Animations/FP_Rifle_Run.uasset" 303
"D:/MonophonicDevelopment/Monophonic/Monophonic/Content/FirstPersonArms/Animations/FP_Rifle_Run.uexp" 304
"D:/MonophonicDevelopment/Monophonic/Monophonic/Content/FirstPersonArms/Animations/FP_Rifle_Falling.uasset" 305
"D:/MonophonicDevelopment/Monophonic/Monophonic/Content/FirstPersonArms/Animations/FP_Rifle_Falling.uexp" 306
"../../../Engine/Content/Animation/DefaultRecorderBoneCompression.uasset" 307
"../../../Engine/Content/Animation/DefaultRecorderBoneCompression.uexp" 308
"D:/MonophonicDevelopment/Monophonic/Monophonic/Content/FirstPersonArms/Animations/FP_Idle.uasset" 309
"D:/MonophonicDevelopment/Monophonic/Monophonic/Content/FirstPersonArms/Animations/FP_Idle.uexp" 310
"D:/MonophonicDevelopment/Monophonic/Monophonic/Content/FirstPersonArms/Animations/FP_Jump.uasset" 311
"D:/MonophonicDevelopment/Monophonic/Monophonic/Content/FirstPersonArms/Animations/FP_Jump.uexp" 312
"D:/MonophonicDevelopment/Monophonic/Monophonic/Content/FirstPersonArms/Animations/FP_Run_Fwd.uasset" 313
"D:/MonophonicDevelopment/Monophonic/Monophonic/Content/FirstPersonArms/Animations/FP_Run_Fwd.uexp" 314
"D:/MonophonicDevelopment/Monophonic/Monophonic/Content/FirstPersonArms/Animations/FP_Land.uasset" 315
"D:/MonophonicDevelopment/Monophonic/Monophonic/Content/FirstPersonArms/Animations/FP_Land.uexp" 316
"D:/MonophonicDevelopment/Monophonic/Monophonic/Content/FirstPersonArms/Animations/FP_Falling.uasset" 317
"D:/MonophonicDevelopment/Monophonic/Monophonic/Content/FirstPersonArms/Animations/FP_Falling.uexp" 318
"../../../Engine/Content/Animation/DefaultVariableFrameStrippingSettings.uasset" 319
"../../../Engine/Content/Animation/DefaultVariableFrameStrippingSettings.uexp" 320
"D:/MonophonicDevelopment/Monophonic/Monophonic/Content/FirstPersonArms/Animations/FP_Rifle_Jump.uasset" 321
"D:/MonophonicDevelopment/Monophonic/Monophonic/Content/FirstPersonArms/Animations/FP_Rifle_Jump.uexp" 322
"D:/MonophonicDevelopment/Monophonic/Monophonic/Content/FirstPersonArms/Animations/FirstPerson_AnimBP.uasset" 323
"D:/MonophonicDevelopment/Monophonic/Monophonic/Content/FirstPersonArms/Animations/FirstPerson_AnimBP.uexp" 324
"D:/MonophonicDevelopment/Monophonic/Monophonic/Content/FirstPerson/Blueprints/BP_FirstPersonCharacter.uasset" 325
"D:/MonophonicDevelopment/Monophonic/Monophonic/Content/FirstPerson/Blueprints/BP_FirstPersonCharacter.uexp" 326
"D:/MonophonicDevelopment/Monophonic/Monophonic/Content/Erin/HUD/UI_HUD.uasset" 327
"D:/MonophonicDevelopment/Monophonic/Monophonic/Content/Erin/HUD/UI_HUD.uexp" 328
"D:/MonophonicDevelopment/Monophonic/Monophonic/Content/Erin/RadioInteractive/RadioAttenuation.uasset" 329
"D:/MonophonicDevelopment/Monophonic/Monophonic/Content/Erin/RadioInteractive/RadioAttenuation.uexp" 330
"D:/MonophonicDevelopment/Monophonic/Monophonic/Content/Erin/RadioInteractive/RadioAudio/Conspiracy/Converstaion_1.ubulk" 331
"D:/MonophonicDevelopment/Monophonic/Monophonic/Content/Erin/RadioInteractive/RadioAudio/Conspiracy/Converstaion_1.uasset" 332
"D:/MonophonicDevelopment/Monophonic/Monophonic/Content/Erin/RadioInteractive/RadioAudio/Conspiracy/Converstaion_1.uexp" 333
"D:/MonophonicDevelopment/Monophonic/Monophonic/Content/Erin/RadioInteractive/RadioAudio/News/BobRobertsonRepeat.ubulk" 334
"D:/MonophonicDevelopment/Monophonic/Monophonic/Content/Erin/RadioInteractive/RadioAudio/News/BobRobertsonRepeat.uasset" 335
"D:/MonophonicDevelopment/Monophonic/Monophonic/Content/Erin/RadioInteractive/RadioAudio/News/BobRobertsonRepeat.uexp" 336
"D:/MonophonicDevelopment/Monophonic/Monophonic/Content/Fatih/WAVs/Placeholders/TestAM.uasset" 337
"D:/MonophonicDevelopment/Monophonic/Monophonic/Content/Fatih/WAVs/Placeholders/TestAM.uexp" 338
"D:/MonophonicDevelopment/Monophonic/Monophonic/Content/StarterContent/Audio/Light01.ubulk" 339
"D:/MonophonicDevelopment/Monophonic/Monophonic/Content/StarterContent/Audio/Light01.uasset" 340
"D:/MonophonicDevelopment/Monophonic/Monophonic/Content/StarterContent/Audio/Light01.uexp" 341
"D:/MonophonicDevelopment/Monophonic/Monophonic/Content/Erin/RadioInteractive/RadioAudio/News/NewsScriptDayFour.ubulk" 342
"D:/MonophonicDevelopment/Monophonic/Monophonic/Content/Erin/RadioInteractive/RadioAudio/News/NewsScriptDayFour.uasset" 343
"D:/MonophonicDevelopment/Monophonic/Monophonic/Content/Erin/RadioInteractive/RadioAudio/News/NewsScriptDayFour.uexp" 344
"D:/MonophonicDevelopment/Monophonic/Monophonic/Content/Erin/RadioInteractive/RadioAudio/News/NewsScriptDayOne.ubulk" 345
"D:/MonophonicDevelopment/Monophonic/Monophonic/Content/Erin/RadioInteractive/RadioAudio/News/NewsScriptDayOne.uasset" 346
"D:/MonophonicDevelopment/Monophonic/Monophonic/Content/Erin/RadioInteractive/RadioAudio/News/NewsScriptDayOne.uexp" 347
"D:/MonophonicDevelopment/Monophonic/Monophonic/Content/Erin/InteractiveSystem/Outline.uasset" 348
"D:/MonophonicDevelopment/Monophonic/Monophonic/Content/Erin/InteractiveSystem/Outline.uexp" 349
"D:/MonophonicDevelopment/Monophonic/Monophonic/Content/Erin/Interactables/BP_MasterItem.uasset" 350
"D:/MonophonicDevelopment/Monophonic/Monophonic/Content/Erin/Interactables/BP_MasterItem.uexp" 351
"D:/MonophonicDevelopment/Monophonic/Monophonic/Content/Erin/RadioInteractive/RadioAudio/Conspiracy/FullAudio3Conspiracy.ubulk" 352
"D:/MonophonicDevelopment/Monophonic/Monophonic/Content/Erin/RadioInteractive/RadioAudio/Conspiracy/FullAudio3Conspiracy.uasset" 353
"D:/MonophonicDevelopment/Monophonic/Monophonic/Content/Erin/RadioInteractive/RadioAudio/Conspiracy/FullAudio3Conspiracy.uexp" 354
"D:/MonophonicDevelopment/Monophonic/Monophonic/Content/Erin/RadioInteractive/RadioAudio/Conspiracy/Script2Conspiracy.ubulk" 355
"D:/MonophonicDevelopment/Monophonic/Monophonic/Content/Erin/RadioInteractive/RadioAudio/Conspiracy/Script2Conspiracy.uasset" 356
"D:/MonophonicDevelopment/Monophonic/Monophonic/Content/Erin/RadioInteractive/RadioAudio/Conspiracy/Script2Conspiracy.uexp" 357
"D:/MonophonicDevelopment/Monophonic/Monophonic/Content/Erin/RadioInteractive/RadioAudio/Songs/rampb-soul-in-every-song-307177.ubulk" 358
"D:/MonophonicDevelopment/Monophonic/Monophonic/Content/Erin/RadioInteractive/RadioAudio/Songs/rampb-soul-in-every-song-307177.uasset" 359
"D:/MonophonicDevelopment/Monophonic/Monophonic/Content/Erin/RadioInteractive/RadioAudio/Songs/rampb-soul-in-every-song-307177.uexp" 360
"D:/MonophonicDevelopment/Monophonic/Monophonic/Content/Erin/RadioInteractive/Item_Radio.uasset" 361
"D:/MonophonicDevelopment/Monophonic/Monophonic/Content/Erin/RadioInteractive/Item_Radio.uexp" 362
"D:/MonophonicDevelopment/Monophonic/Monophonic/Content/Erin/DarkMat.uasset" 363
"D:/MonophonicDevelopment/Monophonic/Monophonic/Content/Erin/DarkMat.uexp" 364
"D:/MonophonicDevelopment/Monophonic/Monophonic/Content/Daniels/Models/Layout/materials/green.uasset" 365
"D:/MonophonicDevelopment/Monophonic/Monophonic/Content/Daniels/Models/Layout/materials/green.uexp" 366
"D:/MonophonicDevelopment/Monophonic/Monophonic/Content/Daniels/Models/Furniture/waterpot.ubulk" 367
"D:/MonophonicDevelopment/Monophonic/Monophonic/Content/Daniels/Models/Furniture/waterpot.uasset" 368
"D:/MonophonicDevelopment/Monophonic/Monophonic/Content/Daniels/Models/Furniture/waterpot.uexp" 369
"D:/MonophonicDevelopment/Monophonic/Monophonic/Content/Erin/Interactables/BP_Item_WateringCan.uasset" 370
"D:/MonophonicDevelopment/Monophonic/Monophonic/Content/Erin/Interactables/BP_Item_WateringCan.uexp" 371
"../../../Engine/Content/EngineMaterials/T_Default_Material_Grid_M.ubulk" 372
"../../../Engine/Content/EngineMaterials/T_Default_Material_Grid_M.uasset" 373
"../../../Engine/Content/EngineMaterials/T_Default_Material_Grid_M.uexp" 374
"../../../Engine/Content/EngineMaterials/T_Default_Material_Grid_N.ubulk" 375
"../../../Engine/Content/EngineMaterials/T_Default_Material_Grid_N.uasset" 376
"../../../Engine/Content/EngineMaterials/T_Default_Material_Grid_N.uexp" 377
"../../../Engine/Content/Functions/Engine_MaterialFunctions01/Opacity/CameraDepthFade.uasset" 378
"../../../Engine/Content/Functions/Engine_MaterialFunctions01/Opacity/CameraDepthFade.uexp" 379
"../../../Engine/Content/EngineMaterials/WorldGridMaterial.uasset" 380
"../../../Engine/Content/EngineMaterials/WorldGridMaterial.uexp" 381
"../../../Engine/Content/BasicShapes/Cube.ubulk" 382
"../../../Engine/Content/BasicShapes/Cube.uasset" 383
"../../../Engine/Content/BasicShapes/Cube.uexp" 384
"D:/MonophonicDevelopment/Monophonic/Monophonic/Content/Erin/Interactables/JobCompleteInterface.uasset" 385
"D:/MonophonicDevelopment/Monophonic/Monophonic/Content/Erin/Interactables/JobCompleteInterface.uexp" 386
"../../../Engine/Content/BasicShapes/BasicShapeMaterial.uasset" 387
"../../../Engine/Content/BasicShapes/BasicShapeMaterial.uexp" 388
"D:/MonophonicDevelopment/Monophonic/Monophonic/Content/Erin/Interactables/JobCompletedEvent.uasset" 389
"D:/MonophonicDevelopment/Monophonic/Monophonic/Content/Erin/Interactables/JobCompletedEvent.uexp" 390
"../../../Engine/Content/EngineMaterials/Grid.ubulk" 391
"../../../Engine/Content/EngineMaterials/Grid.uasset" 392
"../../../Engine/Content/EngineMaterials/Grid.uexp" 393
"D:/MonophonicDevelopment/Monophonic/Monophonic/Content/Erin/Interactables/GizmoMat.uasset" 394
"D:/MonophonicDevelopment/Monophonic/Monophonic/Content/Erin/Interactables/GizmoMat.uexp" 395
"D:/MonophonicDevelopment/Monophonic/Monophonic/Content/Erin/Interactables/JobListActor.uasset" 396
"D:/MonophonicDevelopment/Monophonic/Monophonic/Content/Erin/Interactables/JobListActor.uexp" 397
"D:/MonophonicDevelopment/Monophonic/Monophonic/Content/Daniels/Models/Furniture/plant/Material_007.uasset" 398
"D:/MonophonicDevelopment/Monophonic/Monophonic/Content/Daniels/Models/Furniture/plant/Material_007.uexp" 399
"D:/MonophonicDevelopment/Monophonic/Monophonic/Content/Daniels/Models/Furniture/plant/Material_008.uasset" 400
"D:/MonophonicDevelopment/Monophonic/Monophonic/Content/Daniels/Models/Furniture/plant/Material_008.uexp" 401
"D:/MonophonicDevelopment/Monophonic/Monophonic/Content/Daniels/Models/Furniture/plant/Material_003.uasset" 402
"D:/MonophonicDevelopment/Monophonic/Monophonic/Content/Daniels/Models/Furniture/plant/Material_003.uexp" 403
"D:/MonophonicDevelopment/Monophonic/Monophonic/Content/Daniels/Models/Furniture/plant/Material_002.uasset" 404
"D:/MonophonicDevelopment/Monophonic/Monophonic/Content/Daniels/Models/Furniture/plant/Material_002.uexp" 405
"D:/MonophonicDevelopment/Monophonic/Monophonic/Content/Daniels/Models/Furniture/plant/uwShortPlant.ubulk" 406
"D:/MonophonicDevelopment/Monophonic/Monophonic/Content/Daniels/Models/Furniture/plant/uwShortPlant.uasset" 407
"D:/MonophonicDevelopment/Monophonic/Monophonic/Content/Daniels/Models/Furniture/plant/uwShortPlant.uexp" 408
"D:/MonophonicDevelopment/Monophonic/Monophonic/Content/Erin/Interactables/BP_Item_Plant2.uasset" 409
"D:/MonophonicDevelopment/Monophonic/Monophonic/Content/Erin/Interactables/BP_Item_Plant2.uexp" 410
"D:/MonophonicDevelopment/Monophonic/Monophonic/Content/Erin/Interactables/JobCompleted2thing.uasset" 411
"D:/MonophonicDevelopment/Monophonic/Monophonic/Content/Erin/Interactables/JobCompleted2thing.uexp" 412
"D:/MonophonicDevelopment/Monophonic/Monophonic/Content/Daniels/Models/Furniture/Bed/Material_003.uasset" 413
"D:/MonophonicDevelopment/Monophonic/Monophonic/Content/Daniels/Models/Furniture/Bed/Material_003.uexp" 414
"D:/MonophonicDevelopment/Monophonic/Monophonic/Content/Daniels/Models/Furniture/Bed/Material_005.uasset" 415
"D:/MonophonicDevelopment/Monophonic/Monophonic/Content/Daniels/Models/Furniture/Bed/Material_005.uexp" 416
"D:/MonophonicDevelopment/Monophonic/Monophonic/Content/Daniels/Models/Furniture/Bed/Material_002.uasset" 417
"D:/MonophonicDevelopment/Monophonic/Monophonic/Content/Daniels/Models/Furniture/Bed/Material_002.uexp" 418
"D:/MonophonicDevelopment/Monophonic/Monophonic/Content/Daniels/Models/Furniture/Bed/Material_004.uasset" 419
"D:/MonophonicDevelopment/Monophonic/Monophonic/Content/Daniels/Models/Furniture/Bed/Material_004.uexp" 420
"D:/MonophonicDevelopment/Monophonic/Monophonic/Content/Daniels/Models/Furniture/Bed/utBed.ubulk" 421
"D:/MonophonicDevelopment/Monophonic/Monophonic/Content/Daniels/Models/Furniture/Bed/utBed.uasset" 422
"D:/MonophonicDevelopment/Monophonic/Monophonic/Content/Daniels/Models/Furniture/Bed/utBed.uexp" 423
"D:/MonophonicDevelopment/Monophonic/Monophonic/Content/Erin/Interactables/BP_Item_Bed.uasset" 424
"D:/MonophonicDevelopment/Monophonic/Monophonic/Content/Erin/Interactables/BP_Item_Bed.uexp" 425
"D:/MonophonicDevelopment/Monophonic/Monophonic/Content/Daniels/Models/Furniture/plant/Material_012.uasset" 426
"D:/MonophonicDevelopment/Monophonic/Monophonic/Content/Daniels/Models/Furniture/plant/Material_012.uexp" 427
"D:/MonophonicDevelopment/Monophonic/Monophonic/Content/Daniels/Models/Furniture/plant/Material_013.uasset" 428
"D:/MonophonicDevelopment/Monophonic/Monophonic/Content/Daniels/Models/Furniture/plant/Material_013.uexp" 429
"D:/MonophonicDevelopment/Monophonic/Monophonic/Content/Daniels/Models/Furniture/plant/uwTallPlant.ubulk" 430
"D:/MonophonicDevelopment/Monophonic/Monophonic/Content/Daniels/Models/Furniture/plant/uwTallPlant.uasset" 431
"D:/MonophonicDevelopment/Monophonic/Monophonic/Content/Daniels/Models/Furniture/plant/uwTallPlant.uexp" 432
"D:/MonophonicDevelopment/Monophonic/Monophonic/Content/Erin/Interactables/BP_Item_Plant.uasset" 433
"D:/MonophonicDevelopment/Monophonic/Monophonic/Content/Erin/Interactables/BP_Item_Plant.uexp" 434
"D:/MonophonicDevelopment/Monophonic/Monophonic/Content/Fatih/WAVs/Placeholders/leather-442654.ubulk" 435
"D:/MonophonicDevelopment/Monophonic/Monophonic/Content/Fatih/WAVs/Placeholders/leather-442654.uasset" 436
"D:/MonophonicDevelopment/Monophonic/Monophonic/Content/Fatih/WAVs/Placeholders/leather-442654.uexp" 437
"D:/MonophonicDevelopment/Monophonic/Monophonic/Content/Fatih/WAVs/Placeholders/italian-442088.ubulk" 438
"D:/MonophonicDevelopment/Monophonic/Monophonic/Content/Fatih/WAVs/Placeholders/italian-442088.uasset" 439
"D:/MonophonicDevelopment/Monophonic/Monophonic/Content/Fatih/WAVs/Placeholders/italian-442088.uexp" 440
"D:/MonophonicDevelopment/Monophonic/Monophonic/Content/Erin/RadioInteractive/RadioAudio/Backing/DramaticPiano.ubulk" 441
"D:/MonophonicDevelopment/Monophonic/Monophonic/Content/Erin/RadioInteractive/RadioAudio/Backing/DramaticPiano.uasset" 442
"D:/MonophonicDevelopment/Monophonic/Monophonic/Content/Erin/RadioInteractive/RadioAudio/Backing/DramaticPiano.uexp" 443
"D:/MonophonicDevelopment/Monophonic/Monophonic/Content/Erin/RadioInteractive/FakeRadios/TitleRadio.uasset" 444
"D:/MonophonicDevelopment/Monophonic/Monophonic/Content/Erin/RadioInteractive/FakeRadios/TitleRadio.uexp" 445
"D:/MonophonicDevelopment/Monophonic/Monophonic/Content/Daniels/Models/Furniture/desk/Cylinder.ubulk" 446
"D:/MonophonicDevelopment/Monophonic/Monophonic/Content/Daniels/Models/Furniture/desk/Cylinder.uasset" 447
"D:/MonophonicDevelopment/Monophonic/Monophonic/Content/Daniels/Models/Furniture/desk/Cylinder.uexp" 448
"D:/MonophonicDevelopment/Monophonic/Monophonic/Content/StarterContent/Textures/T_Wood_Walnut_N.ubulk" 449
"D:/MonophonicDevelopment/Monophonic/Monophonic/Content/StarterContent/Textures/T_Wood_Walnut_N.uasset" 450
"D:/MonophonicDevelopment/Monophonic/Monophonic/Content/StarterContent/Textures/T_Wood_Walnut_N.uexp" 451
"D:/MonophonicDevelopment/Monophonic/Monophonic/Content/StarterContent/Textures/T_Wood_Walnut_D.ubulk" 452
"D:/MonophonicDevelopment/Monophonic/Monophonic/Content/StarterContent/Textures/T_Wood_Walnut_D.uasset" 453
"D:/MonophonicDevelopment/Monophonic/Monophonic/Content/StarterContent/Textures/T_Wood_Walnut_D.uexp" 454
"D:/MonophonicDevelopment/Monophonic/Monophonic/Content/StarterContent/Textures/T_MacroVariation.uasset" 455
"D:/MonophonicDevelopment/Monophonic/Monophonic/Content/StarterContent/Textures/T_MacroVariation.uexp" 456
"D:/MonophonicDevelopment/Monophonic/Monophonic/Content/StarterContent/Materials/M_Wood_Walnut.uasset" 457
"D:/MonophonicDevelopment/Monophonic/Monophonic/Content/StarterContent/Materials/M_Wood_Walnut.uexp" 458
"D:/MonophonicDevelopment/Monophonic/Monophonic/Content/Daniels/Models/Furniture/desk/Cube_001.ubulk" 459
"D:/MonophonicDevelopment/Monophonic/Monophonic/Content/Daniels/Models/Furniture/desk/Cube_001.uasset" 460
"D:/MonophonicDevelopment/Monophonic/Monophonic/Content/Daniels/Models/Furniture/desk/Cube_001.uexp" 461
"D:/MonophonicDevelopment/Monophonic/Monophonic/Content/Daniels/Models/Furniture/desk/Cube_004.ubulk" 462
"D:/MonophonicDevelopment/Monophonic/Monophonic/Content/Daniels/Models/Furniture/desk/Cube_004.uasset" 463
"D:/MonophonicDevelopment/Monophonic/Monophonic/Content/Daniels/Models/Furniture/desk/Cube_004.uexp" 464
"D:/MonophonicDevelopment/Monophonic/Monophonic/Content/StarterContent/Textures/T_Metal_Gold_N.ubulk" 465
"D:/MonophonicDevelopment/Monophonic/Monophonic/Content/StarterContent/Textures/T_Metal_Gold_N.uasset" 466
"D:/MonophonicDevelopment/Monophonic/Monophonic/Content/StarterContent/Textures/T_Metal_Gold_N.uexp" 467
"D:/MonophonicDevelopment/Monophonic/Monophonic/Content/StarterContent/Textures/T_Metal_Aluminum_D.ubulk" 468
"D:/MonophonicDevelopment/Monophonic/Monophonic/Content/StarterContent/Textures/T_Metal_Aluminum_D.uasset" 469
"D:/MonophonicDevelopment/Monophonic/Monophonic/Content/StarterContent/Textures/T_Metal_Aluminum_D.uexp" 470
"D:/MonophonicDevelopment/Monophonic/Monophonic/Content/StarterContent/Materials/M_Metal_Burnished_Steel.uasset" 471
"D:/MonophonicDevelopment/Monophonic/Monophonic/Content/StarterContent/Materials/M_Metal_Burnished_Steel.uexp" 472
"D:/MonophonicDevelopment/Monophonic/Monophonic/Content/Erin/NonInteractables/Item_Desk.uasset" 473
"D:/MonophonicDevelopment/Monophonic/Monophonic/Content/Erin/NonInteractables/Item_Desk.uexp" 474
"D:/MonophonicDevelopment/Monophonic/Monophonic/Content/Erin/RadioInteractive/RadioAudio/Backing/SlowPianoBackground.ubulk" 475
"D:/MonophonicDevelopment/Monophonic/Monophonic/Content/Erin/RadioInteractive/RadioAudio/Backing/SlowPianoBackground.uasset" 476
"D:/MonophonicDevelopment/Monophonic/Monophonic/Content/Erin/RadioInteractive/RadioAudio/Backing/SlowPianoBackground.uexp" 477
"D:/MonophonicDevelopment/Monophonic/Monophonic/Content/Erin/RadioInteractive/FakeRadios/CredtsRadio.uasset" 478
"D:/MonophonicDevelopment/Monophonic/Monophonic/Content/Erin/RadioInteractive/FakeRadios/CredtsRadio.uexp" 479
"../../../Engine/Content/EngineResources/DefaultTextureCube.uasset" 480
"../../../Engine/Content/EngineResources/DefaultTextureCube.uexp" 481
"../../../Engine/Content/EngineResources/DefaultVolumeTexture2D.uasset" 482
"../../../Engine/Content/EngineResources/DefaultVolumeTexture2D.uexp" 483
"../../../Engine/Content/EngineResources/DefaultVolumeTexture.uasset" 484
"../../../Engine/Content/EngineResources/DefaultVolumeTexture.uexp" 485
"../../../Engine/Content/EngineMaterials/Substrate/Volume/SubstrateSimpleVolumeEnvLUT3D.uasset" 486
"../../../Engine/Content/EngineMaterials/Substrate/Volume/SubstrateSimpleVolumeEnvLUT3D.uexp" 487
"../../../Engine/Content/EngineMaterials/Substrate/Volume/SubstrateSimpleVolumeLUT3D.uasset" 488
"../../../Engine/Content/EngineMaterials/Substrate/Volume/SubstrateSimpleVolumeLUT3D.uexp" 489
"../../../Engine/Plugins/Interchange/Assets/Content/Functions/MX_AbsorptionVDF.uasset" 490
"../../../Engine/Plugins/Interchange/Assets/Content/Functions/MX_AbsorptionVDF.uexp" 491
"../../../Engine/Plugins/Interchange/Assets/Content/Functions/MX_AnisotropicVDF.uasset" 492
"../../../Engine/Plugins/Interchange/Assets/Content/Functions/MX_AnisotropicVDF.uexp" 493
"../../../Engine/Plugins/Interchange/Assets/Content/Functions/MX_BurleyDiffuseBSDF.uasset" 494
"../../../Engine/Plugins/Interchange/Assets/Content/Functions/MX_BurleyDiffuseBSDF.uexp" 495
"../../../Engine/Plugins/Interchange/Assets/Content/Functions/MX_ConductorBSDF.uasset" 496
"../../../Engine/Plugins/Interchange/Assets/Content/Functions/MX_ConductorBSDF.uexp" 497
"../../../Engine/Plugins/Interchange/Assets/Content/Functions/MX_ConicalEDF.uasset" 498
"../../../Engine/Plugins/Interchange/Assets/Content/Functions/MX_ConicalEDF.uexp" 499
"../../../Engine/Plugins/Interchange/Assets/Content/Functions/MX_DielectricBSDF.uasset" 500
"../../../Engine/Plugins/Interchange/Assets/Content/Functions/MX_DielectricBSDF.uexp" 501
"../../../Engine/Plugins/Interchange/Assets/Content/Functions/MX_GeneralizedSchlickBSDF.uasset" 502
"../../../Engine/Plugins/Interchange/Assets/Content/Functions/MX_GeneralizedSchlickBSDF.uexp" 503
"../../../Engine/Plugins/Interchange/Assets/Content/Functions/MX_MeasuredEDF.uasset" 504
"../../../Engine/Plugins/Interchange/Assets/Content/Functions/MX_MeasuredEDF.uexp" 505
"../../../Engine/Plugins/Interchange/Assets/Content/Utilities/New_LUT.uasset" 506
"../../../Engine/Plugins/Interchange/Assets/Content/Utilities/New_LUT.uexp" 507
"../../../Engine/Content/Functions/Engine_MaterialFunctions03/Math/RemapValueRange.uasset" 508
"../../../Engine/Content/Functions/Engine_MaterialFunctions03/Math/RemapValueRange.uexp" 509
"../../../Engine/Plugins/Interchange/Assets/Content/Functions/MF_Iridescence.uasset" 510
"../../../Engine/Plugins/Interchange/Assets/Content/Functions/MF_Iridescence.uexp" 511
"../../../Engine/Plugins/Interchange/Assets/Content/Functions/MX_StandardSurface.uasset" 512
"../../../Engine/Plugins/Interchange/Assets/Content/Functions/MX_StandardSurface.uexp" 513
"../../../Engine/Plugins/Interchange/Assets/Content/Functions/MX_OpenPBR_Opaque.uasset" 514
"../../../Engine/Plugins/Interchange/Assets/Content/Functions/MX_OpenPBR_Opaque.uexp" 515
"../../../Engine/Plugins/Interchange/Assets/Content/Functions/MX_TransmissionSurface.uasset" 516
"../../../Engine/Plugins/Interchange/Assets/Content/Functions/MX_TransmissionSurface.uexp" 517
"../../../Engine/Plugins/Interchange/Assets/Content/Functions/MX_OpenPBR_Translucent.uasset" 518
"../../../Engine/Plugins/Interchange/Assets/Content/Functions/MX_OpenPBR_Translucent.uexp" 519
"../../../Engine/Plugins/Interchange/Assets/Content/Functions/MX_OrenNayarBSDF.uasset" 520
"../../../Engine/Plugins/Interchange/Assets/Content/Functions/MX_OrenNayarBSDF.uexp" 521
"../../../Engine/Plugins/Interchange/Assets/Content/Functions/MX_SheenBSDF.uasset" 522
"../../../Engine/Plugins/Interchange/Assets/Content/Functions/MX_SheenBSDF.uexp" 523
"../../../Engine/Plugins/Interchange/Assets/Content/Functions/MX_SubsurfaceBSDF.uasset" 524
"../../../Engine/Plugins/Interchange/Assets/Content/Functions/MX_SubsurfaceBSDF.uexp" 525
"../../../Engine/Plugins/Interchange/Assets/Content/Functions/MX_Surface.uasset" 526
"../../../Engine/Plugins/Interchange/Assets/Content/Functions/MX_Surface.uexp" 527
"../../../Engine/Plugins/Interchange/Assets/Content/Functions/MX_SurfaceUnlit.uasset" 528
"../../../Engine/Plugins/Interchange/Assets/Content/Functions/MX_SurfaceUnlit.uexp" 529
"../../../Engine/Plugins/Interchange/Assets/Content/Functions/MX_ThinFilmBSDF.uasset" 530
"../../../Engine/Plugins/Interchange/Assets/Content/Functions/MX_ThinFilmBSDF.uexp" 531
"../../../Engine/Plugins/Interchange/Assets/Content/Functions/MX_TranslucentBSDF.uasset" 532
"../../../Engine/Plugins/Interchange/Assets/Content/Functions/MX_TranslucentBSDF.uexp" 533
"../../../Engine/Plugins/Interchange/Assets/Content/Functions/MX_UniformEDF.uasset" 534
"../../../Engine/Plugins/Interchange/Assets/Content/Functions/MX_UniformEDF.uexp" 535
"../../../Engine/Plugins/Interchange/Assets/Content/Functions/MX_UsdPreviewSurface.uasset" 536
"../../../Engine/Plugins/Interchange/Assets/Content/Functions/MX_UsdPreviewSurface.uexp" 537
"../../../Engine/Content/EditorMaterials/Dataflow/DataflowVertexMaterial.uasset" 538
"../../../Engine/Content/EditorMaterials/Dataflow/DataflowVertexMaterial.uexp" 539
"../../../Engine/Content/EditorMaterials/Dataflow/DataflowTwoSidedVertexMaterial.uasset" 540
"../../../Engine/Content/EditorMaterials/Dataflow/DataflowTwoSidedVertexMaterial.uexp" 541
"../../../Engine/Content/Functions/Engine_MaterialFunctions01/Shading/PowerToRoughness.uasset" 542
"../../../Engine/Content/Functions/Engine_MaterialFunctions01/Shading/PowerToRoughness.uexp" 543
"../../../Engine/Content/Functions/Engine_MaterialFunctions01/Shading/ConvertFromDiffSpec.uasset" 544
"../../../Engine/Content/Functions/Engine_MaterialFunctions01/Shading/ConvertFromDiffSpec.uexp" 545
"../../../Engine/Content/EditorMaterials/PhAT_NoCollisionMaterial.uasset" 546
"../../../Engine/Content/EditorMaterials/PhAT_NoCollisionMaterial.uexp" 547
"../../../Engine/Content/EditorMaterials/PhAT_UnselectedMaterial.uasset" 548
"../../../Engine/Content/EditorMaterials/PhAT_UnselectedMaterial.uexp" 549
"../../../Engine/Content/EditorMaterials/PreviewShadowIndicator.ubulk" 550
"../../../Engine/Content/EditorMaterials/PreviewShadowIndicator.uasset" 551
"../../../Engine/Content/EditorMaterials/PreviewShadowIndicator.uexp" 552
"../../../Engine/Content/EditorMaterials/PreviewShadowIndicatorMaterial.uasset" 553
"../../../Engine/Content/EditorMaterials/PreviewShadowIndicatorMaterial.uexp" 554
"../../../Engine/Content/EngineDebugMaterials/DebugEditorMaterial.uasset" 555
"../../../Engine/Content/EngineDebugMaterials/DebugEditorMaterial.uexp" 556
"../../../Engine/Content/EngineDebugMaterials/DebugMeshMaterial.uasset" 557
"../../../Engine/Content/EngineDebugMaterials/DebugMeshMaterial.uexp" 558
"../../../Engine/Content/EngineDebugMaterials/M_SimpleUnlitTranslucent.uasset" 559
"../../../Engine/Content/EngineDebugMaterials/M_SimpleUnlitTranslucent.uexp" 560
"../../../Engine/Content/Functions/Engine_MaterialFunctions02/Utility/CameraDirectionVector.uasset" 561
"../../../Engine/Content/Functions/Engine_MaterialFunctions02/Utility/CameraDirectionVector.uexp" 562
"../../../Engine/Content/EngineDebugMaterials/VolumeToRender.uasset" 563
"../../../Engine/Content/EngineDebugMaterials/VolumeToRender.uexp" 564
"../../../Engine/Content/EngineDebugMaterials/M_VolumeRenderSphereTracePP.uasset" 565
"../../../Engine/Content/EngineDebugMaterials/M_VolumeRenderSphereTracePP.uexp" 566
"../../../Engine/Content/EngineMaterials/DefaultDiffuse.ubulk" 567
"../../../Engine/Content/EngineMaterials/DefaultDiffuse.uasset" 568
"../../../Engine/Content/EngineMaterials/DefaultDiffuse.uexp" 569
"../../../Engine/Content/EngineMaterials/DefaultDeferredDecalMaterial.uasset" 570
"../../../Engine/Content/EngineMaterials/DefaultDeferredDecalMaterial.uexp" 571
"../../../Engine/Content/EngineMaterials/DefaultLightFunctionMaterial.uasset" 572
"../../../Engine/Content/EngineMaterials/DefaultLightFunctionMaterial.uexp" 573
"../../../Engine/Content/EngineMaterials/DefaultPostProcessMaterial.uasset" 574
"../../../Engine/Content/EngineMaterials/DefaultPostProcessMaterial.uexp" 575
"../../../Engine/Content/EngineFonts/RobotoDistanceField.uasset" 576
"../../../Engine/Content/EngineFonts/RobotoDistanceField.uexp" 577
"../../../Engine/Content/EngineMaterials/DefaultTextMaterialOpaque.uasset" 578
"../../../Engine/Content/EngineMaterials/DefaultTextMaterialOpaque.uexp" 579
"../../../Engine/Content/EngineMaterials/DefaultWhiteGrid_Low.uasset" 580
"../../../Engine/Content/EngineMaterials/DefaultWhiteGrid_Low.uexp" 581
"../../../Engine/Content/EngineMaterials/EmissiveMeshMaterial.uasset" 582
"../../../Engine/Content/EngineMaterials/EmissiveMeshMaterial.uexp" 583
"../../../Engine/Content/EngineMaterials/BaseFlattenNormalMap.uasset" 584
"../../../Engine/Content/EngineMaterials/BaseFlattenNormalMap.uexp" 585
"../../../Engine/Content/EngineMaterials/BaseFlattenGrayscaleMap.uasset" 586
"../../../Engine/Content/EngineMaterials/BaseFlattenGrayscaleMap.uexp" 587
"../../../Engine/Content/EngineMaterials/BaseFlattenDiffuseMap.uasset" 588
"../../../Engine/Content/EngineMaterials/BaseFlattenDiffuseMap.uexp" 589
"../../../Engine/Content/Functions/Engine_MaterialFunctions02/PivotPainter2/Black_1x1_EXR_Texture.uasset" 590
"../../../Engine/Content/Functions/Engine_MaterialFunctions02/PivotPainter2/Black_1x1_EXR_Texture.uexp" 591
"../../../Engine/Content/EngineMaterials/BaseFlattenEmissiveMap.uasset" 592
"../../../Engine/Content/EngineMaterials/BaseFlattenEmissiveMap.uexp" 593
"../../../Engine/Content/EngineMaterials/BaseFlattenLinearColor.uasset" 594
"../../../Engine/Content/EngineMaterials/BaseFlattenLinearColor.uexp" 595
"../../../Engine/Content/EngineMaterials/FlattenMaterial.uasset" 596
"../../../Engine/Content/EngineMaterials/FlattenMaterial.uexp" 597
"../../../Engine/Content/EngineMaterials/BaseFlattenEmissiveMap_VT.uasset" 598
"../../../Engine/Content/EngineMaterials/BaseFlattenEmissiveMap_VT.uexp" 599
"../../../Engine/Content/EngineMaterials/BaseFlattenGrayscaleMap_VT.uasset" 600
"../../../Engine/Content/EngineMaterials/BaseFlattenGrayscaleMap_VT.uexp" 601
"../../../Engine/Content/EngineMaterials/BaseFlattenLinearColor_VT.uasset" 602
"../../../Engine/Content/EngineMaterials/BaseFlattenLinearColor_VT.uexp" 603
"../../../Engine/Content/EngineMaterials/Black_1x1_EXR_Texture_VT.uasset" 604
"../../../Engine/Content/EngineMaterials/Black_1x1_EXR_Texture_VT.uexp" 605
"../../../Engine/Content/EngineMaterials/BaseFlattenDiffuseMap_VT.uasset" 606
"../../../Engine/Content/EngineMaterials/BaseFlattenDiffuseMap_VT.uexp" 607
"../../../Engine/Content/EngineMaterials/BaseFlattenNormalMap_VT.uasset" 608
"../../../Engine/Content/EngineMaterials/BaseFlattenNormalMap_VT.uexp" 609
"../../../Engine/Content/EngineMaterials/FlattenMaterial_VT.uasset" 610
"../../../Engine/Content/EngineMaterials/FlattenMaterial_VT.uexp" 611
"../../../Engine/Content/EngineMaterials/FlattenMaterial_WS_Normal_VT.uasset" 612
"../../../Engine/Content/EngineMaterials/FlattenMaterial_WS_Normal_VT.uexp" 613
"../../../Engine/Content/EngineMaterials/GizmoMaterial.uasset" 614
"../../../Engine/Content/EngineMaterials/GizmoMaterial.uexp" 615
"../../../Engine/Content/EngineMaterials/InvalidLightmapSettings.ubulk" 616
"../../../Engine/Content/EngineMaterials/InvalidLightmapSettings.uasset" 617
"../../../Engine/Content/EngineMaterials/InvalidLightmapSettings.uexp" 618
"../../../Engine/Content/EngineMaterials/M_InvalidLightmapSettings.uasset" 619
"../../../Engine/Content/EngineMaterials/M_InvalidLightmapSettings.uexp" 620
"../../../Engine/Content/EngineMaterials/NaniteHiddenSectionMaterial.uasset" 621
"../../../Engine/Content/EngineMaterials/NaniteHiddenSectionMaterial.uexp" 622
"../../../Engine/Content/Functions/Engine_MaterialFunctions02/WorldPositionOffset/CameraOffset.uasset" 623
"../../../Engine/Content/Functions/Engine_MaterialFunctions02/WorldPositionOffset/CameraOffset.uexp" 624
"../../../Engine/Content/EngineMaterials/PhAT_JointLimitMaterial.uasset" 625
"../../../Engine/Content/EngineMaterials/PhAT_JointLimitMaterial.uexp" 626
"../../../Engine/Content/EngineMaterials/DefaultCalibrationColor.uasset" 627
"../../../Engine/Content/EngineMaterials/DefaultCalibrationColor.uexp" 628
"../../../Engine/Content/EngineMaterials/PPM_DefaultCalibrationColor.uasset" 629
"../../../Engine/Content/EngineMaterials/PPM_DefaultCalibrationColor.uexp" 630
"../../../Engine/Content/EngineMaterials/DefaultCalibrationGrayscale.uasset" 631
"../../../Engine/Content/EngineMaterials/DefaultCalibrationGrayscale.uexp" 632
"../../../Engine/Content/EngineMaterials/PPM_DefaultCalibrationGrayscale.uasset" 633
"../../../Engine/Content/EngineMaterials/PPM_DefaultCalibrationGrayscale.uexp" 634
"../../../Engine/Content/EngineMaterials/RemoveSurfaceMaterial.uasset" 635
"../../../Engine/Content/EngineMaterials/RemoveSurfaceMaterial.uexp" 636
"../../../Engine/Plugins/Animation/ControlRig/Content/Controls/ControlRigGizmoMaterial.uasset" 637
"../../../Engine/Plugins/Animation/ControlRig/Content/Controls/ControlRigGizmoMaterial.uexp" 638
"../../../Engine/Plugins/Animation/ControlRig/Content/Controls/ControlRigXRayMaterial.uasset" 639
"../../../Engine/Plugins/Animation/ControlRig/Content/Controls/ControlRigXRayMaterial.uexp" 640
"../../../Engine/Plugins/Animation/ControlRig/Content/M_Manip.uasset" 641
"../../../Engine/Plugins/Animation/ControlRig/Content/M_Manip.uexp" 642
"../../../Engine/Plugins/Editor/SpeedTreeImporter/Content/SpeedTree9/game_wind_noise.ubulk" 643
"../../../Engine/Plugins/Editor/SpeedTreeImporter/Content/SpeedTree9/game_wind_noise.uasset" 644
"../../../Engine/Plugins/Editor/SpeedTreeImporter/Content/SpeedTree9/game_wind_noise.uexp" 645
"../../../Engine/Plugins/Editor/SpeedTreeImporter/Content/SpeedTree9/UnpackDirection.uasset" 646
"../../../Engine/Plugins/Editor/SpeedTreeImporter/Content/SpeedTree9/UnpackDirection.uexp" 647
"../../../Engine/Content/Functions/Engine_MaterialFunctions02/ObjectLocalBounds.uasset" 648
"../../../Engine/Content/Functions/Engine_MaterialFunctions02/ObjectLocalBounds.uexp" 649
"../../../Engine/Content/Functions/Engine_MaterialFunctions02/Utility/BreakOutFloat3Components.uasset" 650
"../../../Engine/Content/Functions/Engine_MaterialFunctions02/Utility/BreakOutFloat3Components.uexp" 651
"../../../Engine/Content/Functions/Engine_MaterialFunctions02/UVs/BoundingBoxBased_0-1_UVW.uasset" 652
"../../../Engine/Content/Functions/Engine_MaterialFunctions02/UVs/BoundingBoxBased_0-1_UVW.uexp" 653
"../../../Engine/Plugins/Editor/SpeedTreeImporter/Content/SpeedTree9/SpeedTreeBillboard.uasset" 654
"../../../Engine/Plugins/Editor/SpeedTreeImporter/Content/SpeedTree9/SpeedTreeBillboard.uexp" 655
"../../../Engine/Content/Functions/Engine_MaterialFunctions02/Utility/VectorLength.uasset" 656
"../../../Engine/Content/Functions/Engine_MaterialFunctions02/Utility/VectorLength.uexp" 657
"../../../Engine/Plugins/Editor/SpeedTreeImporter/Content/SpeedTree9/UnpackInteger3.uasset" 658
"../../../Engine/Plugins/Editor/SpeedTreeImporter/Content/SpeedTree9/UnpackInteger3.uexp" 659
"../../../Engine/Content/Functions/Engine_MaterialFunctions02/WorldPositionOffset/ObjectScale.uasset" 660
"../../../Engine/Content/Functions/Engine_MaterialFunctions02/WorldPositionOffset/ObjectScale.uexp" 661
"../../../Engine/Content/Functions/Engine_MaterialFunctions02/SafeNormalize.uasset" 662
"../../../Engine/Content/Functions/Engine_MaterialFunctions02/SafeNormalize.uexp" 663
"../../../Engine/Plugins/Editor/SpeedTreeImporter/Content/SpeedTree9/SpeedTreeWindMotion.uasset" 664
"../../../Engine/Plugins/Editor/SpeedTreeImporter/Content/SpeedTree9/SpeedTreeWindMotion.uexp" 665
"../../../Engine/Plugins/Editor/SpeedTreeImporter/Content/SpeedTree9/SpeedTreeBranchMotion.uasset" 666
"../../../Engine/Plugins/Editor/SpeedTreeImporter/Content/SpeedTree9/SpeedTreeBranchMotion.uexp" 667
"../../../Engine/Plugins/Editor/SpeedTreeImporter/Content/SpeedTree9/SpeedTreeWind.uasset" 668
"../../../Engine/Plugins/Editor/SpeedTreeImporter/Content/SpeedTree9/SpeedTreeWind.uexp" 669
"../../../Engine/Plugins/Editor/SpeedTreeImporter/Content/SpeedTree9/EmptyNormal.uasset" 670
"../../../Engine/Plugins/Editor/SpeedTreeImporter/Content/SpeedTree9/EmptyNormal.uexp" 671
"../../../Engine/Plugins/Editor/SpeedTreeImporter/Content/SpeedTree9/Empty.uasset" 672
"../../../Engine/Plugins/Editor/SpeedTreeImporter/Content/SpeedTree9/Empty.uexp" 673
"../../../Engine/Plugins/Editor/SpeedTreeImporter/Content/SpeedTree9/SpeedTreeBillboardMaster.uasset" 674
"../../../Engine/Plugins/Editor/SpeedTreeImporter/Content/SpeedTree9/SpeedTreeBillboardMaster.uexp" 675
"../../../Engine/Plugins/Editor/SpeedTreeImporter/Content/SpeedTree9/SpeedTreeCameraFacing.uasset" 676
"../../../Engine/Plugins/Editor/SpeedTreeImporter/Content/SpeedTree9/SpeedTreeCameraFacing.uexp" 677
"../../../Engine/Plugins/Editor/SpeedTreeImporter/Content/SpeedTree9/SpeedTreeMaster.uasset" 678
"../../../Engine/Plugins/Editor/SpeedTreeImporter/Content/SpeedTree9/SpeedTreeMaster.uexp" 679
"../../../Engine/Plugins/Runtime/HairStrands/Content/Materials/HairCardsDefaultMaterial.uasset" 680
"../../../Engine/Plugins/Runtime/HairStrands/Content/Materials/HairCardsDefaultMaterial.uexp" 681
"../../../Engine/Plugins/Runtime/HairStrands/Content/Materials/HairGroupColors.uasset" 682
"../../../Engine/Plugins/Runtime/HairStrands/Content/Materials/HairGroupColors.uexp" 683
"../../../Engine/Content/Functions/Engine_MaterialFunctions02/Utility/MakeFloat2.uasset" 684
"../../../Engine/Content/Functions/Engine_MaterialFunctions02/Utility/MakeFloat2.uexp" 685
"../../../Engine/Content/Functions/Engine_MaterialFunctions02/Utility/MakeFloat3.uasset" 686
"../../../Engine/Content/Functions/Engine_MaterialFunctions02/Utility/MakeFloat3.uexp" 687
"../../../Engine/Content/EngineMaterials/HairColorMap.uasset" 688
"../../../Engine/Content/EngineMaterials/HairColorMap.uexp" 689
"../../../Engine/Content/EngineMaterials/HairDebugColor.uasset" 690
"../../../Engine/Content/EngineMaterials/HairDebugColor.uexp" 691
"../../../Engine/Plugins/Runtime/HairStrands/Content/Materials/HairDebugMaterial.uasset" 692
"../../../Engine/Plugins/Runtime/HairStrands/Content/Materials/HairDebugMaterial.uexp" 693
"../../../Engine/Plugins/Runtime/HairStrands/Content/Materials/HairDefaultMaterial.uasset" 694
"../../../Engine/Plugins/Runtime/HairStrands/Content/Materials/HairDefaultMaterial.uexp" 695
"../../../Engine/Plugins/Runtime/HairStrands/Content/Materials/HairMeshesDefaultMaterial.uasset" 696
"../../../Engine/Plugins/Runtime/HairStrands/Content/Materials/HairMeshesDefaultMaterial.uexp" 697
"../../../Engine/Plugins/Runtime/MeshModelingToolset/Content/Materials/M_DynamicMeshComponentVtxColor.uasset" 698
"../../../Engine/Plugins/Runtime/MeshModelingToolset/Content/Materials/M_DynamicMeshComponentVtxColor.uexp" 699
"../../../Engine/Content/EngineMeshes/Sphere.ubulk" 700
"../../../Engine/Content/EngineMeshes/Sphere.uasset" 701
"../../../Engine/Content/EngineMeshes/Sphere.uexp" 702
"D:/MonophonicDevelopment/Monophonic/Monophonic/Content/Erin/PostProcessing/Shader.uasset" 703
"D:/MonophonicDevelopment/Monophonic/Monophonic/Content/Erin/PostProcessing/Shader.uexp" 704
"D:/MonophonicDevelopment/Monophonic/Monophonic/Content/Erin/PostProcessing/ShaderInstance.uasset" 705
"D:/MonophonicDevelopment/Monophonic/Monophonic/Content/Erin/PostProcessing/ShaderInstance.uexp" 706
"D:/MonophonicDevelopment/Monophonic/Monophonic/Content/Erin/TitleScreenSetUp/DEMOTitleWalls.uasset" 707
"D:/MonophonicDevelopment/Monophonic/Monophonic/Content/Erin/TitleScreenSetUp/DEMOTitleWalls.uexp" 708
"../../../Engine/Content/EngineSky/T_Sky_Stars.ubulk" 709
"../../../Engine/Content/EngineSky/T_Sky_Stars.uasset" 710
"../../../Engine/Content/EngineSky/T_Sky_Stars.uexp" 711
"../../../Engine/Content/EngineSky/T_Sky_Clouds_M.ubulk" 712
"../../../Engine/Content/EngineSky/T_Sky_Clouds_M.uasset" 713
"../../../Engine/Content/EngineSky/T_Sky_Clouds_M.uexp" 714
"../../../Engine/Content/EngineSky/T_Sky_Blue.ubulk" 715
"../../../Engine/Content/EngineSky/T_Sky_Blue.uasset" 716
"../../../Engine/Content/EngineSky/T_Sky_Blue.uexp" 717
"../../../Engine/Content/EngineSky/M_Sky_Panning_Clouds2.uasset" 718
"../../../Engine/Content/EngineSky/M_Sky_Panning_Clouds2.uexp" 719
"../../../Engine/Content/EngineSky/SM_SkySphere.ubulk" 720
"../../../Engine/Content/EngineSky/SM_SkySphere.uasset" 721
"../../../Engine/Content/EngineSky/SM_SkySphere.uexp" 722
"../../../Engine/Content/EngineSky/M_SimpleSkyDome.uasset" 723
"../../../Engine/Content/EngineSky/M_SimpleSkyDome.uexp" 724
"D:/MonophonicDevelopment/Monophonic/Monophonic/Content/Daniels/Models/Layout/WindowPane.ubulk" 725
"D:/MonophonicDevelopment/Monophonic/Monophonic/Content/Daniels/Models/Layout/WindowPane.uasset" 726
"D:/MonophonicDevelopment/Monophonic/Monophonic/Content/Daniels/Models/Layout/WindowPane.uexp" 727
"D:/MonophonicDevelopment/Monophonic/Monophonic/Content/Daniels/Models/Layout/materials/windowpane.uasset" 728
"D:/MonophonicDevelopment/Monophonic/Monophonic/Content/Daniels/Models/Layout/materials/windowpane.uexp" 729
"D:/MonophonicDevelopment/Monophonic/Monophonic/Content/Daniels/Models/Layout/Ivy.ubulk" 730
"D:/MonophonicDevelopment/Monophonic/Monophonic/Content/Daniels/Models/Layout/Ivy.uasset" 731
"D:/MonophonicDevelopment/Monophonic/Monophonic/Content/Daniels/Models/Layout/Ivy.uexp" 732
"D:/MonophonicDevelopment/Monophonic/Monophonic/Content/Daniels/Models/Layout/materials/b6a00cad-6280-4055-ba02-885434ec9255.ubulk" 733
"D:/MonophonicDevelopment/Monophonic/Monophonic/Content/Daniels/Models/Layout/materials/b6a00cad-6280-4055-ba02-885434ec9255.uasset" 734
"D:/MonophonicDevelopment/Monophonic/Monophonic/Content/Daniels/Models/Layout/materials/b6a00cad-6280-4055-ba02-885434ec9255.uexp" 735
"D:/MonophonicDevelopment/Monophonic/Monophonic/Content/Daniels/Models/Layout/materials/b6a00cad-6280-4055-ba02-885434ec9255_Mat.uasset" 736
"D:/MonophonicDevelopment/Monophonic/Monophonic/Content/Daniels/Models/Layout/materials/b6a00cad-6280-4055-ba02-885434ec9255_Mat.uexp" 737
"D:/MonophonicDevelopment/Monophonic/Monophonic/Content/Daniels/Models/Layout/materials/woodD.uasset" 738
"D:/MonophonicDevelopment/Monophonic/Monophonic/Content/Daniels/Models/Layout/materials/woodD.uexp" 739
"D:/MonophonicDevelopment/Monophonic/Monophonic/Content/Daniels/Models/Layout/Accent.ubulk" 740
"D:/MonophonicDevelopment/Monophonic/Monophonic/Content/Daniels/Models/Layout/Accent.uasset" 741
"D:/MonophonicDevelopment/Monophonic/Monophonic/Content/Daniels/Models/Layout/Accent.uexp" 742
"D:/MonophonicDevelopment/Monophonic/Monophonic/Content/Daniels/Models/Layout/DoorKnob.ubulk" 743
"D:/MonophonicDevelopment/Monophonic/Monophonic/Content/Daniels/Models/Layout/DoorKnob.uasset" 744
"D:/MonophonicDevelopment/Monophonic/Monophonic/Content/Daniels/Models/Layout/DoorKnob.uexp" 745
"D:/MonophonicDevelopment/Monophonic/Monophonic/Content/Daniels/Models/Layout/materials/window.uasset" 746
"D:/MonophonicDevelopment/Monophonic/Monophonic/Content/Daniels/Models/Layout/materials/window.uexp" 747
"D:/MonophonicDevelopment/Monophonic/Monophonic/Content/Daniels/Models/Layout/underfloor.ubulk" 748
"D:/MonophonicDevelopment/Monophonic/Monophonic/Content/Daniels/Models/Layout/underfloor.uasset" 749
"D:/MonophonicDevelopment/Monophonic/Monophonic/Content/Daniels/Models/Layout/underfloor.uexp" 750
"D:/MonophonicDevelopment/Monophonic/Monophonic/Content/Daniels/Models/Layout/Door.ubulk" 751
"D:/MonophonicDevelopment/Monophonic/Monophonic/Content/Daniels/Models/Layout/Door.uasset" 752
"D:/MonophonicDevelopment/Monophonic/Monophonic/Content/Daniels/Models/Layout/Door.uexp" 753
"D:/MonophonicDevelopment/Monophonic/Monophonic/Content/Daniels/Models/Layout/materials/wood.uasset" 754
"D:/MonophonicDevelopment/Monophonic/Monophonic/Content/Daniels/Models/Layout/materials/wood.uexp" 755
"D:/MonophonicDevelopment/Monophonic/Monophonic/Content/Daniels/Models/Layout/wood2floor.ubulk" 756
"D:/MonophonicDevelopment/Monophonic/Monophonic/Content/Daniels/Models/Layout/wood2floor.uasset" 757
"D:/MonophonicDevelopment/Monophonic/Monophonic/Content/Daniels/Models/Layout/wood2floor.uexp" 758
"D:/MonophonicDevelopment/Monophonic/Monophonic/Content/Daniels/Models/Layout/roofsupport.ubulk" 759
"D:/MonophonicDevelopment/Monophonic/Monophonic/Content/Daniels/Models/Layout/roofsupport.uasset" 760
"D:/MonophonicDevelopment/Monophonic/Monophonic/Content/Daniels/Models/Layout/roofsupport.uexp" 761
"D:/MonophonicDevelopment/Monophonic/Monophonic/Content/Daniels/Models/Layout/Window.ubulk" 762
"D:/MonophonicDevelopment/Monophonic/Monophonic/Content/Daniels/Models/Layout/Window.uasset" 763
"D:/MonophonicDevelopment/Monophonic/Monophonic/Content/Daniels/Models/Layout/Window.uexp" 764
"D:/MonophonicDevelopment/Monophonic/Monophonic/Content/Daniels/Models/Layout/tilegrit2floor.ubulk" 765
"D:/MonophonicDevelopment/Monophonic/Monophonic/Content/Daniels/Models/Layout/tilegrit2floor.uasset" 766
"D:/MonophonicDevelopment/Monophonic/Monophonic/Content/Daniels/Models/Layout/tilegrit2floor.uexp" 767
"D:/MonophonicDevelopment/Monophonic/Monophonic/Content/Daniels/Models/Layout/underhouse.ubulk" 768
"D:/MonophonicDevelopment/Monophonic/Monophonic/Content/Daniels/Models/Layout/underhouse.uasset" 769
"D:/MonophonicDevelopment/Monophonic/Monophonic/Content/Daniels/Models/Layout/underhouse.uexp" 770
"D:/MonophonicDevelopment/Monophonic/Monophonic/Content/Daniels/Models/Layout/rooftarp.ubulk" 771
"D:/MonophonicDevelopment/Monophonic/Monophonic/Content/Daniels/Models/Layout/rooftarp.uasset" 772
"D:/MonophonicDevelopment/Monophonic/Monophonic/Content/Daniels/Models/Layout/rooftarp.uexp" 773
"D:/MonophonicDevelopment/Monophonic/Monophonic/Content/Daniels/Models/Furniture/twalet/Material_001.uasset" 774
"D:/MonophonicDevelopment/Monophonic/Monophonic/Content/Daniels/Models/Furniture/twalet/Material_001.uexp" 775
"D:/MonophonicDevelopment/Monophonic/Monophonic/Content/Daniels/Models/Furniture/twalet/Material_004.uasset" 776
"D:/MonophonicDevelopment/Monophonic/Monophonic/Content/Daniels/Models/Furniture/twalet/Material_004.uexp" 777
"D:/MonophonicDevelopment/Monophonic/Monophonic/Content/Daniels/Models/Furniture/twalet/Material_005.uasset" 778
"D:/MonophonicDevelopment/Monophonic/Monophonic/Content/Daniels/Models/Furniture/twalet/Material_005.uexp" 779
"D:/MonophonicDevelopment/Monophonic/Monophonic/Content/Daniels/Models/Furniture/twalet/Material_003.uasset" 780
"D:/MonophonicDevelopment/Monophonic/Monophonic/Content/Daniels/Models/Furniture/twalet/Material_003.uexp" 781
"D:/MonophonicDevelopment/Monophonic/Monophonic/Content/Daniels/Models/Furniture/twalet/Bath.ubulk" 782
"D:/MonophonicDevelopment/Monophonic/Monophonic/Content/Daniels/Models/Furniture/twalet/Bath.uasset" 783
"D:/MonophonicDevelopment/Monophonic/Monophonic/Content/Daniels/Models/Furniture/twalet/Bath.uexp" 784
"D:/MonophonicDevelopment/Monophonic/Monophonic/Content/Daniels/Models/Layout/stairwall.ubulk" 785
"D:/MonophonicDevelopment/Monophonic/Monophonic/Content/Daniels/Models/Layout/stairwall.uasset" 786
"D:/MonophonicDevelopment/Monophonic/Monophonic/Content/Daniels/Models/Layout/stairwall.uexp" 787
"D:/MonophonicDevelopment/Monophonic/Monophonic/Content/Daniels/Models/Layout/Steps.ubulk" 788
"D:/MonophonicDevelopment/Monophonic/Monophonic/Content/Daniels/Models/Layout/Steps.uasset" 789
"D:/MonophonicDevelopment/Monophonic/Monophonic/Content/Daniels/Models/Layout/Steps.uexp" 790
"D:/MonophonicDevelopment/Monophonic/Monophonic/Content/Daniels/Models/Layout/materials/offwhite.uasset" 791
"D:/MonophonicDevelopment/Monophonic/Monophonic/Content/Daniels/Models/Layout/materials/offwhite.uexp" 792
"D:/MonophonicDevelopment/Monophonic/Monophonic/Content/Daniels/Models/Layout/tile2floor.ubulk" 793
"D:/MonophonicDevelopment/Monophonic/Monophonic/Content/Daniels/Models/Layout/tile2floor.uasset" 794
"D:/MonophonicDevelopment/Monophonic/Monophonic/Content/Daniels/Models/Layout/tile2floor.uexp" 795
"D:/MonophonicDevelopment/Monophonic/Monophonic/Content/Daniels/Models/Layout/Pallat.ubulk" 796
"D:/MonophonicDevelopment/Monophonic/Monophonic/Content/Daniels/Models/Layout/Pallat.uasset" 797
"D:/MonophonicDevelopment/Monophonic/Monophonic/Content/Daniels/Models/Layout/Pallat.uexp" 798
"D:/MonophonicDevelopment/Monophonic/Monophonic/Content/Daniels/Models/Furniture/twalet/Material_006.uasset" 799
"D:/MonophonicDevelopment/Monophonic/Monophonic/Content/Daniels/Models/Furniture/twalet/Material_006.uexp" 800
"D:/MonophonicDevelopment/Monophonic/Monophonic/Content/Daniels/Models/Furniture/twalet/Material_008.uasset" 801
"D:/MonophonicDevelopment/Monophonic/Monophonic/Content/Daniels/Models/Furniture/twalet/Material_008.uexp" 802
"D:/MonophonicDevelopment/Monophonic/Monophonic/Content/Daniels/Models/Furniture/twalet/Material_007.uasset" 803
"D:/MonophonicDevelopment/Monophonic/Monophonic/Content/Daniels/Models/Furniture/twalet/Material_007.uexp" 804
"D:/MonophonicDevelopment/Monophonic/Monophonic/Content/Daniels/Models/Furniture/twalet/sink.ubulk" 805
"D:/MonophonicDevelopment/Monophonic/Monophonic/Content/Daniels/Models/Furniture/twalet/sink.uasset" 806
"D:/MonophonicDevelopment/Monophonic/Monophonic/Content/Daniels/Models/Furniture/twalet/sink.uexp" 807
"D:/MonophonicDevelopment/Monophonic/Monophonic/Content/Daniels/Models/Layout/materials/Wall.uasset" 808
"D:/MonophonicDevelopment/Monophonic/Monophonic/Content/Daniels/Models/Layout/materials/Wall.uexp" 809
"D:/MonophonicDevelopment/Monophonic/Monophonic/Content/Daniels/Models/Layout/Walls.ubulk" 810
"D:/MonophonicDevelopment/Monophonic/Monophonic/Content/Daniels/Models/Layout/Walls.uasset" 811
"D:/MonophonicDevelopment/Monophonic/Monophonic/Content/Daniels/Models/Layout/Walls.uexp" 812
"D:/MonophonicDevelopment/Monophonic/Monophonic/Content/Daniels/Models/Layout/wood_roof.ubulk" 813
"D:/MonophonicDevelopment/Monophonic/Monophonic/Content/Daniels/Models/Layout/wood_roof.uasset" 814
"D:/MonophonicDevelopment/Monophonic/Monophonic/Content/Daniels/Models/Layout/wood_roof.uexp" 815
"../../../Engine/Content/Functions/Engine_MaterialFunctions02/Math/Transform3x3Matrix.uasset" 816
"../../../Engine/Content/Functions/Engine_MaterialFunctions02/Math/Transform3x3Matrix.uexp" 817
"../../../Engine/Content/EngineMaterials/Good64x64TilingNoiseHighFreq.uasset" 818
"../../../Engine/Content/EngineMaterials/Good64x64TilingNoiseHighFreq.uexp" 819
"../../../Engine/Content/Functions/Engine_MaterialFunctions02/Texturing/ScreenAlignedPixelToPixelUVs.uasset" 820
"../../../Engine/Content/Functions/Engine_MaterialFunctions02/Texturing/ScreenAlignedPixelToPixelUVs.uexp" 821
"../../../Engine/Plugins/Interchange/Assets/Content/gltf/MaterialFunctions/MF_Temporal_Blur.uasset" 822
"../../../Engine/Plugins/Interchange/Assets/Content/gltf/MaterialFunctions/MF_Temporal_Blur.uexp" 823
"../../../Engine/Plugins/Interchange/Assets/Content/gltf/Textures/T_White_srgb.uasset" 824
"../../../Engine/Plugins/Interchange/Assets/Content/gltf/Textures/T_White_srgb.uexp" 825
"../../../Engine/Plugins/Interchange/Assets/Content/gltf/MaterialFunctions/MF_Specular.uasset" 826
"../../../Engine/Plugins/Interchange/Assets/Content/gltf/MaterialFunctions/MF_Specular.uexp" 827
"../../../Engine/Plugins/Interchange/Assets/Content/gltf/Textures/T_Anisotropy_Direction_Linear.uasset" 828
"../../../Engine/Plugins/Interchange/Assets/Content/gltf/Textures/T_Anisotropy_Direction_Linear.uexp" 829
"../../../Engine/Plugins/Interchange/Assets/Content/gltf/MaterialFunctions/MF_SpecularAnisotropy.uasset" 830
"../../../Engine/Plugins/Interchange/Assets/Content/gltf/MaterialFunctions/MF_SpecularAnisotropy.uexp" 831
"../../../Engine/Plugins/Interchange/Assets/Content/gltf/Textures/T_White_Linear.uasset" 832
"../../../Engine/Plugins/Interchange/Assets/Content/gltf/Textures/T_White_Linear.uexp" 833
"../../../Engine/Plugins/Interchange/Assets/Content/gltf/MaterialFunctions/MF_MetallicRoughness.uasset" 834
"../../../Engine/Plugins/Interchange/Assets/Content/gltf/MaterialFunctions/MF_MetallicRoughness.uexp" 835
"../../../Engine/Plugins/Interchange/Assets/Content/gltf/Textures/T_Generic_N.uasset" 836
"../../../Engine/Plugins/Interchange/Assets/Content/gltf/Textures/T_Generic_N.uexp" 837
"../../../Engine/Plugins/Interchange/Assets/Content/gltf/MaterialFunctions/MF_ScaleNormal.uasset" 838
"../../../Engine/Plugins/Interchange/Assets/Content/gltf/MaterialFunctions/MF_ScaleNormal.uexp" 839
"../../../Engine/Plugins/Interchange/Assets/Content/gltf/MaterialFunctions/MF_Fresnel_DS.uasset" 840
"../../../Engine/Plugins/Interchange/Assets/Content/gltf/MaterialFunctions/MF_Fresnel_DS.uexp" 841
"../../../Engine/Plugins/Interchange/Assets/Content/gltf/MaterialFunctions/MF_BaseColor.uasset" 842
"../../../Engine/Plugins/Interchange/Assets/Content/gltf/MaterialFunctions/MF_BaseColor.uexp" 843
"../../../Engine/Plugins/Interchange/Assets/Content/gltf/MaterialFunctions/MF_Iridescence.uasset" 844
"../../../Engine/Plugins/Interchange/Assets/Content/gltf/MaterialFunctions/MF_Iridescence.uexp" 845
"../../../Engine/Plugins/Interchange/Assets/Content/gltf/MaterialFunctions/MF_Occlusion.uasset" 846
"../../../Engine/Plugins/Interchange/Assets/Content/gltf/MaterialFunctions/MF_Occlusion.uexp" 847
"../../../Engine/Plugins/Interchange/Assets/Content/gltf/MaterialFunctions/MF_IOR.uasset" 848
"../../../Engine/Plugins/Interchange/Assets/Content/gltf/MaterialFunctions/MF_IOR.uexp" 849
"../../../Engine/Plugins/Interchange/Assets/Content/gltf/MaterialFunctions/MF_RotateV2.uasset" 850
"../../../Engine/Plugins/Interchange/Assets/Content/gltf/MaterialFunctions/MF_RotateV2.uexp" 851
"../../../Engine/Plugins/Interchange/Assets/Content/gltf/MaterialFunctions/MF_TransformUVs.uasset" 852
"../../../Engine/Plugins/Interchange/Assets/Content/gltf/MaterialFunctions/MF_TransformUVs.uexp" 853
"../../../Engine/Plugins/Interchange/Assets/Content/gltf/MaterialFunctions/MF_Transmission.uasset" 854
"../../../Engine/Plugins/Interchange/Assets/Content/gltf/MaterialFunctions/MF_Transmission.uexp" 855
"../../../Engine/Plugins/Interchange/Assets/Content/gltf/MaterialFunctions/MF_RotateNormals_TS.uasset" 856
"../../../Engine/Plugins/Interchange/Assets/Content/gltf/MaterialFunctions/MF_RotateNormals_TS.uexp" 857
"../../../Engine/Plugins/Interchange/Assets/Content/gltf/MaterialFunctions/MF_Normals.uasset" 858
"../../../Engine/Plugins/Interchange/Assets/Content/gltf/MaterialFunctions/MF_Normals.uexp" 859
"../../../Engine/Plugins/Interchange/Assets/Content/gltf/MaterialBodies/MF_Transmission_Body.uasset" 860
"../../../Engine/Plugins/Interchange/Assets/Content/gltf/MaterialBodies/MF_Transmission_Body.uexp" 861
"../../../Engine/Plugins/Interchange/Assets/Content/gltf/M_Transmission.uasset" 862
"../../../Engine/Plugins/Interchange/Assets/Content/gltf/M_Transmission.uexp" 863
"../../../Engine/Plugins/Interchange/Assets/Content/gltf/MaterialInstances/MI_Transmission_DS.uasset" 864
"../../../Engine/Plugins/Interchange/Assets/Content/gltf/MaterialInstances/MI_Transmission_DS.uexp" 865
"../../../Engine/Content/ArtTools/RenderToTexture/Meshes/S_1_Unit_Plane.ubulk" 866
"../../../Engine/Content/ArtTools/RenderToTexture/Meshes/S_1_Unit_Plane.uasset" 867
"../../../Engine/Content/ArtTools/RenderToTexture/Meshes/S_1_Unit_Plane.uexp" 868
"../../../Engine/Content/EngineMaterials/Substrate/GLints/AGlintTex2dArray.uasset" 869
"../../../Engine/Content/EngineMaterials/Substrate/GLints/AGlintTex2dArray.uexp" 870
"../../../Engine/Content/EngineMaterials/Substrate/GLints2/AGlintTex2dArray2.uasset" 871
"../../../Engine/Content/EngineMaterials/Substrate/GLints2/AGlintTex2dArray2.uexp" 872
"../../../Engine/Content/EditorMaterials/Camera/CineMat.uasset" 873
"../../../Engine/Content/EditorMaterials/Camera/CineMat.uexp" 874
"../../../Engine/Content/EditorMaterials/Camera/MI_CineMat_Rig.uasset" 875
"../../../Engine/Content/EditorMaterials/Camera/MI_CineMat_Rig.uexp" 876
"../../../Engine/Content/EditorMeshes/Camera/SM_CraneRig_Arm.ubulk" 877
"../../../Engine/Content/EditorMeshes/Camera/SM_CraneRig_Arm.uasset" 878
"../../../Engine/Content/EditorMeshes/Camera/SM_CraneRig_Arm.uexp" 879
"../../../Engine/Content/EditorMeshes/Camera/SM_CraneRig_Base.ubulk" 880
"../../../Engine/Content/EditorMeshes/Camera/SM_CraneRig_Base.uasset" 881
"../../../Engine/Content/EditorMeshes/Camera/SM_CraneRig_Base.uexp" 882
"../../../Engine/Content/EditorMeshes/Camera/SM_CraneRig_Body.ubulk" 883
"../../../Engine/Content/EditorMeshes/Camera/SM_CraneRig_Body.uasset" 884
"../../../Engine/Content/EditorMeshes/Camera/SM_CraneRig_Body.uexp" 885
"../../../Engine/Content/EditorMeshes/Camera/SM_CraneRig_Mount.ubulk" 886
"../../../Engine/Content/EditorMeshes/Camera/SM_CraneRig_Mount.uasset" 887
"../../../Engine/Content/EditorMeshes/Camera/SM_CraneRig_Mount.uexp" 888
"../../../Engine/Content/EditorMeshes/Camera/SM_RailRig_Mount.ubulk" 889
"../../../Engine/Content/EditorMeshes/Camera/SM_RailRig_Mount.uasset" 890
"../../../Engine/Content/EditorMeshes/Camera/SM_RailRig_Mount.uexp" 891
"../../../Engine/Content/EditorMeshes/Camera/SM_RailRig_Track.ubulk" 892
"../../../Engine/Content/EditorMeshes/Camera/SM_RailRig_Track.uasset" 893
"../../../Engine/Content/EditorMeshes/Camera/SM_RailRig_Track.uexp" 894
"../../../Engine/Content/EngineSky/VolumetricClouds/T_CloudMask.ubulk" 895
"../../../Engine/Content/EngineSky/VolumetricClouds/T_CloudMask.uasset" 896
"../../../Engine/Content/EngineSky/VolumetricClouds/T_CloudMask.uexp" 897
"../../../Engine/Content/EngineSky/VolumetricClouds/VT_Lightning.uasset" 898
"../../../Engine/Content/EngineSky/VolumetricClouds/VT_Lightning.uexp" 899
"../../../Engine/Content/EngineSky/VolumetricClouds/T_Profile_08.ubulk" 900
"../../../Engine/Content/EngineSky/VolumetricClouds/T_Profile_08.uasset" 901
"../../../Engine/Content/EngineSky/VolumetricClouds/T_Profile_08.uexp" 902
"../../../Engine/Content/Functions/Engine_MaterialFunctions02/Utility/MakeFloat4.uasset" 903
"../../../Engine/Content/Functions/Engine_MaterialFunctions02/Utility/MakeFloat4.uexp" 904
"../../../Engine/Content/Functions/Engine_MaterialFunctions01/Units/Km-to-Cm.uasset" 905
"../../../Engine/Content/Functions/Engine_MaterialFunctions01/Units/Km-to-Cm.uexp" 906
"../../../Engine/Content/Functions/Engine_MaterialFunctions02/Utility/BreakOutFloat4Components.uasset" 907
"../../../Engine/Content/Functions/Engine_MaterialFunctions02/Utility/BreakOutFloat4Components.uexp" 908
"../../../Engine/Content/EngineSky/VolumetricClouds/T_CloudPattern.ubulk" 909
"../../../Engine/Content/EngineSky/VolumetricClouds/T_CloudPattern.uasset" 910
"../../../Engine/Content/EngineSky/VolumetricClouds/T_CloudPattern.uexp" 911
"../../../Engine/Content/EngineSky/VolumetricClouds/VT_PerlinWorley_Balanced.uasset" 912
"../../../Engine/Content/EngineSky/VolumetricClouds/VT_PerlinWorley_Balanced.uexp" 913
"../../../Engine/Content/EngineSky/VolumetricClouds/m_SimpleVolumetricCloud.uasset" 914
"../../../Engine/Content/EngineSky/VolumetricClouds/m_SimpleVolumetricCloud.uexp" 915
"../../../Engine/Content/EngineSky/VolumetricClouds/m_SimpleVolumetricCloud_Inst.uasset" 916
"../../../Engine/Content/EngineSky/VolumetricClouds/m_SimpleVolumetricCloud_Inst.uexp" 917
"../../../Engine/Content/VREditor/LaserPointer/VR_LaserPower_01.ubulk" 918
"../../../Engine/Content/VREditor/LaserPointer/VR_LaserPower_01.uasset" 919
"../../../Engine/Content/VREditor/LaserPointer/VR_LaserPower_01.uexp" 920
"../../../Engine/Content/VREditor/TransformGizmo/TransformGizmoMaterial.uasset" 921
"../../../Engine/Content/VREditor/TransformGizmo/TransformGizmoMaterial.uexp" 922
"../../../Engine/Content/VREditor/TransformGizmo/TranslucentTransformGizmoMaterial.uasset" 923
"../../../Engine/Content/VREditor/TransformGizmo/TranslucentTransformGizmoMaterial.uexp" 924
"../../../Engine/Content/VREditor/TransformGizmo/BoundingBoxCorner.ubulk" 925
"../../../Engine/Content/VREditor/TransformGizmo/BoundingBoxCorner.uasset" 926
"../../../Engine/Content/VREditor/TransformGizmo/BoundingBoxCorner.uexp" 927
"../../../Engine/Content/VREditor/TransformGizmo/BoundingBoxEdge.ubulk" 928
"../../../Engine/Content/VREditor/TransformGizmo/BoundingBoxEdge.uasset" 929
"../../../Engine/Content/VREditor/TransformGizmo/BoundingBoxEdge.uexp" 930
"../../../Engine/Content/VREditor/TransformGizmo/Main.uasset" 931
"../../../Engine/Content/VREditor/TransformGizmo/Main.uexp" 932
"../../../Engine/Content/VREditor/TransformGizmo/Xray.uasset" 933
"../../../Engine/Content/VREditor/TransformGizmo/Xray.uexp" 934
"../../../Engine/Content/VREditor/TransformGizmo/SM_Sequencer_Node.ubulk" 935
"../../../Engine/Content/VREditor/TransformGizmo/SM_Sequencer_Node.uasset" 936
"../../../Engine/Content/VREditor/TransformGizmo/SM_Sequencer_Node.uexp" 937
"../../../Engine/Plugins/Interchange/Assets/Content/gltf/MaterialFunctions/MF_Emissive.uasset" 938
"../../../Engine/Plugins/Interchange/Assets/Content/gltf/MaterialFunctions/MF_Emissive.uexp" 939
"../../../Engine/Content/Functions/Engine_MaterialFunctions01/Texturing/FlattenNormal.uasset" 940
"../../../Engine/Content/Functions/Engine_MaterialFunctions01/Texturing/FlattenNormal.uexp" 941
"../../../Engine/Plugins/Interchange/Assets/Content/gltf/MaterialFunctions/MF_Clearcoat.uasset" 942
"../../../Engine/Plugins/Interchange/Assets/Content/gltf/MaterialFunctions/MF_Clearcoat.uexp" 943
"../../../Engine/Plugins/Interchange/Assets/Content/gltf/MaterialBodies/MF_ClearCoat_Body.uasset" 944
"../../../Engine/Plugins/Interchange/Assets/Content/gltf/MaterialBodies/MF_ClearCoat_Body.uexp" 945
"../../../Engine/Plugins/Interchange/Assets/Content/gltf/M_ClearCoat.uasset" 946
"../../../Engine/Plugins/Interchange/Assets/Content/gltf/M_ClearCoat.uexp" 947
"../../../Engine/Plugins/Interchange/Assets/Content/gltf/MaterialInstances/MI_ClearCoat_Blend.uasset" 948
"../../../Engine/Plugins/Interchange/Assets/Content/gltf/MaterialInstances/MI_ClearCoat_Blend.uexp" 949
"../../../Engine/Plugins/Interchange/Assets/Content/gltf/MaterialInstances/MI_ClearCoat_Blend_DS.uasset" 950
"../../../Engine/Plugins/Interchange/Assets/Content/gltf/MaterialInstances/MI_ClearCoat_Blend_DS.uexp" 951
"../../../Engine/Plugins/Interchange/Assets/Content/gltf/MaterialInstances/MI_ClearCoat_Mask.uasset" 952
"../../../Engine/Plugins/Interchange/Assets/Content/gltf/MaterialInstances/MI_ClearCoat_Mask.uexp" 953
"../../../Engine/Plugins/Interchange/Assets/Content/gltf/MaterialInstances/MI_ClearCoat_Mask_DS.uasset" 954
"../../../Engine/Plugins/Interchange/Assets/Content/gltf/MaterialInstances/MI_ClearCoat_Mask_DS.uexp" 955
"../../../Engine/Plugins/Interchange/Assets/Content/gltf/MaterialInstances/MI_ClearCoat_Opaque.uasset" 956
"../../../Engine/Plugins/Interchange/Assets/Content/gltf/MaterialInstances/MI_ClearCoat_Opaque.uexp" 957
"../../../Engine/Plugins/Interchange/Assets/Content/gltf/MaterialInstances/MI_ClearCoat_Opaque_DS.uasset" 958
"../../../Engine/Plugins/Interchange/Assets/Content/gltf/MaterialInstances/MI_ClearCoat_Opaque_DS.uexp" 959
"../../../Engine/Plugins/Interchange/Assets/Content/gltf/MaterialBodies/MF_Default_Body.uasset" 960
"../../../Engine/Plugins/Interchange/Assets/Content/gltf/MaterialBodies/MF_Default_Body.uexp" 961
"../../../Engine/Plugins/Interchange/Assets/Content/gltf/M_Default.uasset" 962
"../../../Engine/Plugins/Interchange/Assets/Content/gltf/M_Default.uexp" 963
"../../../Engine/Plugins/Interchange/Assets/Content/gltf/MaterialInstances/MI_Default_Blend.uasset" 964
"../../../Engine/Plugins/Interchange/Assets/Content/gltf/MaterialInstances/MI_Default_Blend.uexp" 965
"../../../Engine/Plugins/Interchange/Assets/Content/gltf/MaterialInstances/MI_Default_Blend_DS.uasset" 966
"../../../Engine/Plugins/Interchange/Assets/Content/gltf/MaterialInstances/MI_Default_Blend_DS.uexp" 967
"../../../Engine/Plugins/Interchange/Assets/Content/gltf/MaterialInstances/MI_Default_Mask.uasset" 968
"../../../Engine/Plugins/Interchange/Assets/Content/gltf/MaterialInstances/MI_Default_Mask.uexp" 969
"../../../Engine/Plugins/Interchange/Assets/Content/gltf/MaterialInstances/MI_Default_Mask_DS.uasset" 970
"../../../Engine/Plugins/Interchange/Assets/Content/gltf/MaterialInstances/MI_Default_Mask_DS.uexp" 971
"../../../Engine/Plugins/Interchange/Assets/Content/gltf/MaterialInstances/MI_Default_Opaque.uasset" 972
"../../../Engine/Plugins/Interchange/Assets/Content/gltf/MaterialInstances/MI_Default_Opaque.uexp" 973
"../../../Engine/Plugins/Interchange/Assets/Content/gltf/MaterialInstances/MI_Default_Opaque_DS.uasset" 974
"../../../Engine/Plugins/Interchange/Assets/Content/gltf/MaterialInstances/MI_Default_Opaque_DS.uexp" 975
"../../../Engine/Plugins/Interchange/Assets/Content/gltf/MaterialFunctions/MF_Sheen.uasset" 976
"../../../Engine/Plugins/Interchange/Assets/Content/gltf/MaterialFunctions/MF_Sheen.uexp" 977
"../../../Engine/Plugins/Interchange/Assets/Content/gltf/MaterialBodies/MF_Sheen_Body.uasset" 978
"../../../Engine/Plugins/Interchange/Assets/Content/gltf/MaterialBodies/MF_Sheen_Body.uexp" 979
"../../../Engine/Plugins/Interchange/Assets/Content/gltf/M_Sheen.uasset" 980
"../../../Engine/Plugins/Interchange/Assets/Content/gltf/M_Sheen.uexp" 981
"../../../Engine/Plugins/Interchange/Assets/Content/gltf/MaterialInstances/MI_Sheen_Blend.uasset" 982
"../../../Engine/Plugins/Interchange/Assets/Content/gltf/MaterialInstances/MI_Sheen_Blend.uexp" 983
"../../../Engine/Plugins/Interchange/Assets/Content/gltf/MaterialInstances/MI_Sheen_Blend_DS.uasset" 984
"../../../Engine/Plugins/Interchange/Assets/Content/gltf/MaterialInstances/MI_Sheen_Blend_DS.uexp" 985
"../../../Engine/Plugins/Interchange/Assets/Content/gltf/MaterialInstances/MI_Sheen_Mask.uasset" 986
"../../../Engine/Plugins/Interchange/Assets/Content/gltf/MaterialInstances/MI_Sheen_Mask.uexp" 987
"../../../Engine/Plugins/Interchange/Assets/Content/gltf/MaterialInstances/MI_Sheen_Mask_DS.uasset" 988
"../../../Engine/Plugins/Interchange/Assets/Content/gltf/MaterialInstances/MI_Sheen_Mask_DS.uexp" 989
"../../../Engine/Plugins/Interchange/Assets/Content/gltf/MaterialInstances/MI_Sheen_Opaque.uasset" 990
"../../../Engine/Plugins/Interchange/Assets/Content/gltf/MaterialInstances/MI_Sheen_Opaque.uexp" 991
"../../../Engine/Plugins/Interchange/Assets/Content/gltf/MaterialInstances/MI_Sheen_Opaque_DS.uasset" 992
"../../../Engine/Plugins/Interchange/Assets/Content/gltf/MaterialInstances/MI_Sheen_Opaque_DS.uexp" 993
"../../../Engine/Content/Functions/Engine_MaterialFunctions02/Math/AddComponents.uasset" 994
"../../../Engine/Content/Functions/Engine_MaterialFunctions02/Math/AddComponents.uexp" 995
"../../../Engine/Plugins/Interchange/Assets/Content/gltf/MaterialFunctions/MF_DiffuseSpecGloss.uasset" 996
"../../../Engine/Plugins/Interchange/Assets/Content/gltf/MaterialFunctions/MF_DiffuseSpecGloss.uexp" 997
"../../../Engine/Plugins/Interchange/Assets/Content/gltf/MaterialFunctions/MF_PerceivedBrightness.uasset" 998
"../../../Engine/Plugins/Interchange/Assets/Content/gltf/MaterialFunctions/MF_PerceivedBrightness.uexp" 999
"../../../Engine/Plugins/Interchange/Assets/Content/gltf/MaterialFunctions/MF_SpecGlossToMetalRoughness.uasset" 1000
"../../../Engine/Plugins/Interchange/Assets/Content/gltf/MaterialFunctions/MF_SpecGlossToMetalRoughness.uexp" 1001
"../../../Engine/Plugins/Interchange/Assets/Content/gltf/MaterialFunctions/MF_MaxComponentValue.uasset" 1002
"../../../Engine/Plugins/Interchange/Assets/Content/gltf/MaterialFunctions/MF_MaxComponentValue.uexp" 1003
"../../../Engine/Plugins/Interchange/Assets/Content/gltf/MaterialBodies/MF_SpecularGlossiness_Body.uasset" 1004
"../../../Engine/Plugins/Interchange/Assets/Content/gltf/MaterialBodies/MF_SpecularGlossiness_Body.uexp" 1005
"../../../Engine/Plugins/Interchange/Assets/Content/gltf/M_SpecularGlossiness.uasset" 1006
"../../../Engine/Plugins/Interchange/Assets/Content/gltf/M_SpecularGlossiness.uexp" 1007
"../../../Engine/Plugins/Interchange/Assets/Content/gltf/MaterialInstances/MI_SpecularGlossiness_Blend.uasset" 1008
"../../../Engine/Plugins/Interchange/Assets/Content/gltf/MaterialInstances/MI_SpecularGlossiness_Blend.uexp" 1009
"../../../Engine/Plugins/Interchange/Assets/Content/gltf/MaterialInstances/MI_SpecularGlossiness_Blend_DS.uasset" 1010
"../../../Engine/Plugins/Interchange/Assets/Content/gltf/MaterialInstances/MI_SpecularGlossiness_Blend_DS.uexp" 1011
"../../../Engine/Plugins/Interchange/Assets/Content/gltf/MaterialInstances/MI_SpecularGlossiness_Mask.uasset" 1012
"../../../Engine/Plugins/Interchange/Assets/Content/gltf/MaterialInstances/MI_SpecularGlossiness_Mask.uexp" 1013
"../../../Engine/Plugins/Interchange/Assets/Content/gltf/MaterialInstances/MI_SpecularGlossiness_Mask_DS.uasset" 1014
"../../../Engine/Plugins/Interchange/Assets/Content/gltf/MaterialInstances/MI_SpecularGlossiness_Mask_DS.uexp" 1015
"../../../Engine/Plugins/Interchange/Assets/Content/gltf/MaterialInstances/MI_SpecularGlossiness_Opaque.uasset" 1016
"../../../Engine/Plugins/Interchange/Assets/Content/gltf/MaterialInstances/MI_SpecularGlossiness_Opaque.uexp" 1017
"../../../Engine/Plugins/Interchange/Assets/Content/gltf/MaterialInstances/MI_SpecularGlossiness_Opaque_DS.uasset" 1018
"../../../Engine/Plugins/Interchange/Assets/Content/gltf/MaterialInstances/MI_SpecularGlossiness_Opaque_DS.uexp" 1019
"../../../Engine/Plugins/Interchange/Assets/Content/gltf/MaterialInstances/MI_Transmission.uasset" 1020
"../../../Engine/Plugins/Interchange/Assets/Content/gltf/MaterialInstances/MI_Transmission.uexp" 1021
"../../../Engine/Plugins/Interchange/Assets/Content/gltf/MaterialBodies/MF_Unlit_Body.uasset" 1022
"../../../Engine/Plugins/Interchange/Assets/Content/gltf/MaterialBodies/MF_Unlit_Body.uexp" 1023
"../../../Engine/Plugins/Interchange/Assets/Content/gltf/M_Unlit.uasset" 1024
"../../../Engine/Plugins/Interchange/Assets/Content/gltf/M_Unlit.uexp" 1025
"../../../Engine/Plugins/Interchange/Assets/Content/gltf/MaterialInstances/MI_Unlit_Blend.uasset" 1026
"../../../Engine/Plugins/Interchange/Assets/Content/gltf/MaterialInstances/MI_Unlit_Blend.uexp" 1027
"../../../Engine/Plugins/Interchange/Assets/Content/gltf/MaterialInstances/MI_Unlit_Blend_DS.uasset" 1028
"../../../Engine/Plugins/Interchange/Assets/Content/gltf/MaterialInstances/MI_Unlit_Blend_DS.uexp" 1029
"../../../Engine/Plugins/Interchange/Assets/Content/gltf/MaterialInstances/MI_Unlit_Mask.uasset" 1030
"../../../Engine/Plugins/Interchange/Assets/Content/gltf/MaterialInstances/MI_Unlit_Mask.uexp" 1031
"../../../Engine/Plugins/Interchange/Assets/Content/gltf/MaterialInstances/MI_Unlit_Mask_DS.uasset" 1032
"../../../Engine/Plugins/Interchange/Assets/Content/gltf/MaterialInstances/MI_Unlit_Mask_DS.uexp" 1033
"../../../Engine/Plugins/Interchange/Assets/Content/gltf/MaterialInstances/MI_Unlit_Opaque.uasset" 1034
"../../../Engine/Plugins/Interchange/Assets/Content/gltf/MaterialInstances/MI_Unlit_Opaque.uexp" 1035
"../../../Engine/Plugins/Interchange/Assets/Content/gltf/MaterialInstances/MI_Unlit_Opaque_DS.uasset" 1036
"../../../Engine/Plugins/Interchange/Assets/Content/gltf/MaterialInstances/MI_Unlit_Opaque_DS.uexp" 1037
"../../../Engine/Content/EngineMaterials/DefaultMaterial.uasset" 1038
"../../../Engine/Content/EngineMaterials/DefaultMaterial.uexp" 1039
"../../../Engine/Content/BasicShapes/Cone.ubulk" 1040
"../../../Engine/Content/BasicShapes/Cone.uasset" 1041
"../../../Engine/Content/BasicShapes/Cone.uexp" 1042
"../../../Engine/Content/BasicShapes/Cylinder.ubulk" 1043
"../../../Engine/Content/BasicShapes/Cylinder.uasset" 1044
"../../../Engine/Content/BasicShapes/Cylinder.uexp" 1045
"../../../Engine/Content/BasicShapes/Plane.ubulk" 1046
"../../../Engine/Content/BasicShapes/Plane.uasset" 1047
"../../../Engine/Content/BasicShapes/Plane.uexp" 1048
"../../../Engine/Content/BasicShapes/Sphere.ubulk" 1049
"../../../Engine/Content/BasicShapes/Sphere.uasset" 1050
"../../../Engine/Content/BasicShapes/Sphere.uexp" 1051
"../../../Engine/Content/EditorLandscapeResources/SplineEditorMeshMat.uasset" 1052
"../../../Engine/Content/EditorLandscapeResources/SplineEditorMeshMat.uexp" 1053
"../../../Engine/Content/EditorLandscapeResources/SplineEditorMesh.ubulk" 1054
"../../../Engine/Content/EditorLandscapeResources/SplineEditorMesh.uasset" 1055
"../../../Engine/Content/EditorLandscapeResources/SplineEditorMesh.uexp" 1056
"../../../Engine/Content/EngineMaterials/WeightMapPlaceholderTexture.uasset" 1057
"../../../Engine/Content/EngineMaterials/WeightMapPlaceholderTexture.uexp" 1058
"../../../Engine/Content/EngineMaterials/WeightMapArrayPlaceholderTexture.uasset" 1059
"../../../Engine/Content/EngineMaterials/WeightMapArrayPlaceholderTexture.uexp" 1060
"../../../Engine/Content/EngineResources/WhiteSquareTexture.uasset" 1061
"../../../Engine/Content/EngineResources/WhiteSquareTexture.uexp" 1062
"../../../Engine/Content/EngineMaterials/Widget3DPassThrough.uasset" 1063
"../../../Engine/Content/EngineMaterials/Widget3DPassThrough.uexp" 1064
"../../../Engine/Content/EngineMaterials/Widget3DPassThrough_Masked.uasset" 1065
"../../../Engine/Content/EngineMaterials/Widget3DPassThrough_Masked.uexp" 1066
"../../../Engine/Content/EngineMaterials/Widget3DPassThrough_Opaque.uasset" 1067
"../../../Engine/Content/EngineMaterials/Widget3DPassThrough_Opaque.uexp" 1068
"../../../Engine/Content/EngineMaterials/Widget3DPassThrough_Masked_OneSided.uasset" 1069
"../../../Engine/Content/EngineMaterials/Widget3DPassThrough_Masked_OneSided.uexp" 1070
"../../../Engine/Content/EngineMaterials/Widget3DPassThrough_Opaque_OneSided.uasset" 1071
"../../../Engine/Content/EngineMaterials/Widget3DPassThrough_Opaque_OneSided.uexp" 1072
"../../../Engine/Content/EngineMaterials/Widget3DPassThrough_Translucent.uasset" 1073
"../../../Engine/Content/EngineMaterials/Widget3DPassThrough_Translucent.uexp" 1074
"../../../Engine/Content/EngineMaterials/Widget3DPassThrough_Translucent_OneSided.uasset" 1075
"../../../Engine/Content/EngineMaterials/Widget3DPassThrough_Translucent_OneSided.uexp" 1076
"../../../Engine/Plugins/2D/Paper2D/Content/DefaultSpriteMaterial.uasset" 1077
"../../../Engine/Plugins/2D/Paper2D/Content/DefaultSpriteMaterial.uexp" 1078
"../../../Engine/Plugins/2D/Paper2D/Content/MaskedUnlitSpriteMaterial.uasset" 1079
"../../../Engine/Plugins/2D/Paper2D/Content/MaskedUnlitSpriteMaterial.uexp" 1080
"../../../Engine/Plugins/2D/Paper2D/Content/OpaqueUnlitSpriteMaterial.uasset" 1081
"../../../Engine/Plugins/2D/Paper2D/Content/OpaqueUnlitSpriteMaterial.uexp" 1082
"../../../Engine/Plugins/Animation/ControlRig/Content/Controls/ControlRig_Arrow2_1mm.ubulk" 1083
"../../../Engine/Plugins/Animation/ControlRig/Content/Controls/ControlRig_Arrow2_1mm.uasset" 1084
"../../../Engine/Plugins/Animation/ControlRig/Content/Controls/ControlRig_Arrow2_1mm.uexp" 1085
"../../../Engine/Plugins/Animation/ControlRig/Content/Controls/ControlRig_Arrow2_3mm.ubulk" 1086
"../../../Engine/Plugins/Animation/ControlRig/Content/Controls/ControlRig_Arrow2_3mm.uasset" 1087
"../../../Engine/Plugins/Animation/ControlRig/Content/Controls/ControlRig_Arrow2_3mm.uexp" 1088
"../../../Engine/Plugins/Animation/ControlRig/Content/Controls/ControlRig_Arrow2_solid.ubulk" 1089
"../../../Engine/Plugins/Animation/ControlRig/Content/Controls/ControlRig_Arrow2_solid.uasset" 1090
"../../../Engine/Plugins/Animation/ControlRig/Content/Controls/ControlRig_Arrow2_solid.uexp" 1091
"../../../Engine/Plugins/Animation/ControlRig/Content/Controls/ControlRig_Arrow4_1mm.ubulk" 1092
"../../../Engine/Plugins/Animation/ControlRig/Content/Controls/ControlRig_Arrow4_1mm.uasset" 1093
"../../../Engine/Plugins/Animation/ControlRig/Content/Controls/ControlRig_Arrow4_1mm.uexp" 1094
"../../../Engine/Plugins/Animation/ControlRig/Content/Controls/ControlRig_Arrow4_3mm.ubulk" 1095
"../../../Engine/Plugins/Animation/ControlRig/Content/Controls/ControlRig_Arrow4_3mm.uasset" 1096
"../../../Engine/Plugins/Animation/ControlRig/Content/Controls/ControlRig_Arrow4_3mm.uexp" 1097
"../../../Engine/Plugins/Animation/ControlRig/Content/Controls/ControlRig_Arrow4_solid.ubulk" 1098
"../../../Engine/Plugins/Animation/ControlRig/Content/Controls/ControlRig_Arrow4_solid.uasset" 1099
"../../../Engine/Plugins/Animation/ControlRig/Content/Controls/ControlRig_Arrow4_solid.uexp" 1100
"../../../Engine/Plugins/Animation/ControlRig/Content/Controls/ControlRig_Arrow_1mm.ubulk" 1101
"../../../Engine/Plugins/Animation/ControlRig/Content/Controls/ControlRig_Arrow_1mm.uasset" 1102
"../../../Engine/Plugins/Animation/ControlRig/Content/Controls/ControlRig_Arrow_1mm.uexp" 1103
"../../../Engine/Plugins/Animation/ControlRig/Content/Controls/ControlRig_Arrow_3mm.ubulk" 1104
"../../../Engine/Plugins/Animation/ControlRig/Content/Controls/ControlRig_Arrow_3mm.uasset" 1105
"../../../Engine/Plugins/Animation/ControlRig/Content/Controls/ControlRig_Arrow_3mm.uexp" 1106
"../../../Engine/Plugins/Animation/ControlRig/Content/Controls/ControlRig_Arrow_solid.ubulk" 1107
"../../../Engine/Plugins/Animation/ControlRig/Content/Controls/ControlRig_Arrow_solid.uasset" 1108
"../../../Engine/Plugins/Animation/ControlRig/Content/Controls/ControlRig_Arrow_solid.uexp" 1109
"../../../Engine/Plugins/Animation/ControlRig/Content/Controls/ControlRig_Box_1mm.ubulk" 1110
"../../../Engine/Plugins/Animation/ControlRig/Content/Controls/ControlRig_Box_1mm.uasset" 1111
"../../../Engine/Plugins/Animation/ControlRig/Content/Controls/ControlRig_Box_1mm.uexp" 1112
"../../../Engine/Plugins/Animation/ControlRig/Content/Controls/ControlRig_Box_3mm.ubulk" 1113
"../../../Engine/Plugins/Animation/ControlRig/Content/Controls/ControlRig_Box_3mm.uasset" 1114
"../../../Engine/Plugins/Animation/ControlRig/Content/Controls/ControlRig_Box_3mm.uexp" 1115
"../../../Engine/Plugins/Animation/ControlRig/Content/Controls/ControlRig_Box_solid.ubulk" 1116
"../../../Engine/Plugins/Animation/ControlRig/Content/Controls/ControlRig_Box_solid.uasset" 1117
"../../../Engine/Plugins/Animation/ControlRig/Content/Controls/ControlRig_Box_solid.uexp" 1118
"../../../Engine/Plugins/Animation/ControlRig/Content/Controls/ControlRig_Circle_1mm.ubulk" 1119
"../../../Engine/Plugins/Animation/ControlRig/Content/Controls/ControlRig_Circle_1mm.uasset" 1120
"../../../Engine/Plugins/Animation/ControlRig/Content/Controls/ControlRig_Circle_1mm.uexp" 1121
"../../../Engine/Plugins/Animation/ControlRig/Content/Controls/ControlRig_Circle_3mm.ubulk" 1122
"../../../Engine/Plugins/Animation/ControlRig/Content/Controls/ControlRig_Circle_3mm.uasset" 1123
"../../../Engine/Plugins/Animation/ControlRig/Content/Controls/ControlRig_Circle_3mm.uexp" 1124
"../../../Engine/Plugins/Animation/ControlRig/Content/Controls/ControlRig_Circle_solid.ubulk" 1125
"../../../Engine/Plugins/Animation/ControlRig/Content/Controls/ControlRig_Circle_solid.uasset" 1126
"../../../Engine/Plugins/Animation/ControlRig/Content/Controls/ControlRig_Circle_solid.uexp" 1127
"../../../Engine/Plugins/Animation/ControlRig/Content/Controls/ControlRig_Diamond_1mm.ubulk" 1128
"../../../Engine/Plugins/Animation/ControlRig/Content/Controls/ControlRig_Diamond_1mm.uasset" 1129
"../../../Engine/Plugins/Animation/ControlRig/Content/Controls/ControlRig_Diamond_1mm.uexp" 1130
"../../../Engine/Plugins/Animation/ControlRig/Content/Controls/ControlRig_Diamond_3mm.ubulk" 1131
"../../../Engine/Plugins/Animation/ControlRig/Content/Controls/ControlRig_Diamond_3mm.uasset" 1132
"../../../Engine/Plugins/Animation/ControlRig/Content/Controls/ControlRig_Diamond_3mm.uexp" 1133
"../../../Engine/Plugins/Animation/ControlRig/Content/Controls/ControlRig_Diamond_solid.ubulk" 1134
"../../../Engine/Plugins/Animation/ControlRig/Content/Controls/ControlRig_Diamond_solid.uasset" 1135
"../../../Engine/Plugins/Animation/ControlRig/Content/Controls/ControlRig_Diamond_solid.uexp" 1136
"../../../Engine/Plugins/Animation/ControlRig/Content/Controls/ControlRig_HalfCircle_1mm.ubulk" 1137
"../../../Engine/Plugins/Animation/ControlRig/Content/Controls/ControlRig_HalfCircle_1mm.uasset" 1138
"../../../Engine/Plugins/Animation/ControlRig/Content/Controls/ControlRig_HalfCircle_1mm.uexp" 1139
"../../../Engine/Plugins/Animation/ControlRig/Content/Controls/ControlRig_HalfCircle_3mm.ubulk" 1140
"../../../Engine/Plugins/Animation/ControlRig/Content/Controls/ControlRig_HalfCircle_3mm.uasset" 1141
"../../../Engine/Plugins/Animation/ControlRig/Content/Controls/ControlRig_HalfCircle_3mm.uexp" 1142
"../../../Engine/Plugins/Animation/ControlRig/Content/Controls/ControlRig_HalfCircle_solid.ubulk" 1143
"../../../Engine/Plugins/Animation/ControlRig/Content/Controls/ControlRig_HalfCircle_solid.uasset" 1144
"../../../Engine/Plugins/Animation/ControlRig/Content/Controls/ControlRig_HalfCircle_solid.uexp" 1145
"../../../Engine/Plugins/Animation/ControlRig/Content/Controls/ControlRig_Hexagon_1mm.ubulk" 1146
"../../../Engine/Plugins/Animation/ControlRig/Content/Controls/ControlRig_Hexagon_1mm.uasset" 1147
"../../../Engine/Plugins/Animation/ControlRig/Content/Controls/ControlRig_Hexagon_1mm.uexp" 1148
"../../../Engine/Plugins/Animation/ControlRig/Content/Controls/ControlRig_Hexagon_3mm.ubulk" 1149
"../../../Engine/Plugins/Animation/ControlRig/Content/Controls/ControlRig_Hexagon_3mm.uasset" 1150
"../../../Engine/Plugins/Animation/ControlRig/Content/Controls/ControlRig_Hexagon_3mm.uexp" 1151
"../../../Engine/Plugins/Animation/ControlRig/Content/Controls/ControlRig_Hexagon_solid.ubulk" 1152
"../../../Engine/Plugins/Animation/ControlRig/Content/Controls/ControlRig_Hexagon_solid.uasset" 1153
"../../../Engine/Plugins/Animation/ControlRig/Content/Controls/ControlRig_Hexagon_solid.uexp" 1154
"../../../Engine/Plugins/Animation/ControlRig/Content/Controls/ControlRig_Octagon_1mm.ubulk" 1155
"../../../Engine/Plugins/Animation/ControlRig/Content/Controls/ControlRig_Octagon_1mm.uasset" 1156
"../../../Engine/Plugins/Animation/ControlRig/Content/Controls/ControlRig_Octagon_1mm.uexp" 1157
"../../../Engine/Plugins/Animation/ControlRig/Content/Controls/ControlRig_Octagon_3mm.ubulk" 1158
"../../../Engine/Plugins/Animation/ControlRig/Content/Controls/ControlRig_Octagon_3mm.uasset" 1159
"../../../Engine/Plugins/Animation/ControlRig/Content/Controls/ControlRig_Octagon_3mm.uexp" 1160
"../../../Engine/Plugins/Animation/ControlRig/Content/Controls/ControlRig_Octagon_solid.ubulk" 1161
"../../../Engine/Plugins/Animation/ControlRig/Content/Controls/ControlRig_Octagon_solid.uasset" 1162
"../../../Engine/Plugins/Animation/ControlRig/Content/Controls/ControlRig_Octagon_solid.uexp" 1163
"../../../Engine/Plugins/Animation/ControlRig/Content/Controls/ControlRig_Pyramid_1mm.ubulk" 1164
"../../../Engine/Plugins/Animation/ControlRig/Content/Controls/ControlRig_Pyramid_1mm.uasset" 1165
"../../../Engine/Plugins/Animation/ControlRig/Content/Controls/ControlRig_Pyramid_1mm.uexp" 1166
"../../../Engine/Plugins/Animation/ControlRig/Content/Controls/ControlRig_Pyramid_3mm.ubulk" 1167
"../../../Engine/Plugins/Animation/ControlRig/Content/Controls/ControlRig_Pyramid_3mm.uasset" 1168
"../../../Engine/Plugins/Animation/ControlRig/Content/Controls/ControlRig_Pyramid_3mm.uexp" 1169
"../../../Engine/Plugins/Animation/ControlRig/Content/Controls/ControlRig_Pyramid_solid.ubulk" 1170
"../../../Engine/Plugins/Animation/ControlRig/Content/Controls/ControlRig_Pyramid_solid.uasset" 1171
"../../../Engine/Plugins/Animation/ControlRig/Content/Controls/ControlRig_Pyramid_solid.uexp" 1172
"../../../Engine/Plugins/Animation/ControlRig/Content/Controls/ControlRig_QuarterCircle_1mm.ubulk" 1173
"../../../Engine/Plugins/Animation/ControlRig/Content/Controls/ControlRig_QuarterCircle_1mm.uasset" 1174
"../../../Engine/Plugins/Animation/ControlRig/Content/Controls/ControlRig_QuarterCircle_1mm.uexp" 1175
"../../../Engine/Plugins/Animation/ControlRig/Content/Controls/ControlRig_QuarterCircle_3mm.ubulk" 1176
"../../../Engine/Plugins/Animation/ControlRig/Content/Controls/ControlRig_QuarterCircle_3mm.uasset" 1177
"../../../Engine/Plugins/Animation/ControlRig/Content/Controls/ControlRig_QuarterCircle_3mm.uexp" 1178
"../../../Engine/Plugins/Animation/ControlRig/Content/Controls/ControlRig_QuarterCircle_solid.ubulk" 1179
"../../../Engine/Plugins/Animation/ControlRig/Content/Controls/ControlRig_QuarterCircle_solid.uasset" 1180
"../../../Engine/Plugins/Animation/ControlRig/Content/Controls/ControlRig_QuarterCircle_solid.uexp" 1181
"../../../Engine/Plugins/Animation/ControlRig/Content/Controls/ControlRig_RoundedSquare_1mm.ubulk" 1182
"../../../Engine/Plugins/Animation/ControlRig/Content/Controls/ControlRig_RoundedSquare_1mm.uasset" 1183
"../../../Engine/Plugins/Animation/ControlRig/Content/Controls/ControlRig_RoundedSquare_1mm.uexp" 1184
"../../../Engine/Plugins/Animation/ControlRig/Content/Controls/ControlRig_RoundedSquare_3mm.ubulk" 1185
"../../../Engine/Plugins/Animation/ControlRig/Content/Controls/ControlRig_RoundedSquare_3mm.uasset" 1186
"../../../Engine/Plugins/Animation/ControlRig/Content/Controls/ControlRig_RoundedSquare_3mm.uexp" 1187
"../../../Engine/Plugins/Animation/ControlRig/Content/Controls/ControlRig_RoundedSquare_solid.ubulk" 1188
"../../../Engine/Plugins/Animation/ControlRig/Content/Controls/ControlRig_RoundedSquare_solid.uasset" 1189
"../../../Engine/Plugins/Animation/ControlRig/Content/Controls/ControlRig_RoundedSquare_solid.uexp" 1190
"../../../Engine/Plugins/Animation/ControlRig/Content/Controls/ControlRig_RoundedTriangle_1mm.ubulk" 1191
"../../../Engine/Plugins/Animation/ControlRig/Content/Controls/ControlRig_RoundedTriangle_1mm.uasset" 1192
"../../../Engine/Plugins/Animation/ControlRig/Content/Controls/ControlRig_RoundedTriangle_1mm.uexp" 1193
"../../../Engine/Plugins/Animation/ControlRig/Content/Controls/ControlRig_RoundedTriangle_3mm.ubulk" 1194
"../../../Engine/Plugins/Animation/ControlRig/Content/Controls/ControlRig_RoundedTriangle_3mm.uasset" 1195
"../../../Engine/Plugins/Animation/ControlRig/Content/Controls/ControlRig_RoundedTriangle_3mm.uexp" 1196
"../../../Engine/Plugins/Animation/ControlRig/Content/Controls/ControlRig_RoundedTriangle_solid.ubulk" 1197
"../../../Engine/Plugins/Animation/ControlRig/Content/Controls/ControlRig_RoundedTriangle_solid.uasset" 1198
"../../../Engine/Plugins/Animation/ControlRig/Content/Controls/ControlRig_RoundedTriangle_solid.uexp" 1199
"../../../Engine/Plugins/Animation/ControlRig/Content/Controls/ControlRig_Sphere_1mm.ubulk" 1200
"../../../Engine/Plugins/Animation/ControlRig/Content/Controls/ControlRig_Sphere_1mm.uasset" 1201
"../../../Engine/Plugins/Animation/ControlRig/Content/Controls/ControlRig_Sphere_1mm.uexp" 1202
"../../../Engine/Plugins/Animation/ControlRig/Content/Controls/ControlRig_Sphere_3mm.ubulk" 1203
"../../../Engine/Plugins/Animation/ControlRig/Content/Controls/ControlRig_Sphere_3mm.uasset" 1204
"../../../Engine/Plugins/Animation/ControlRig/Content/Controls/ControlRig_Sphere_3mm.uexp" 1205
"../../../Engine/Plugins/Animation/ControlRig/Content/Controls/ControlRig_Sphere_solid.ubulk" 1206
"../../../Engine/Plugins/Animation/ControlRig/Content/Controls/ControlRig_Sphere_solid.uasset" 1207
"../../../Engine/Plugins/Animation/ControlRig/Content/Controls/ControlRig_Sphere_solid.uexp" 1208
"../../../Engine/Plugins/Animation/ControlRig/Content/Controls/ControlRig_Square_1mm.ubulk" 1209
"../../../Engine/Plugins/Animation/ControlRig/Content/Controls/ControlRig_Square_1mm.uasset" 1210
"../../../Engine/Plugins/Animation/ControlRig/Content/Controls/ControlRig_Square_1mm.uexp" 1211
"../../../Engine/Plugins/Animation/ControlRig/Content/Controls/ControlRig_Square_3mm.ubulk" 1212
"../../../Engine/Plugins/Animation/ControlRig/Content/Controls/ControlRig_Square_3mm.uasset" 1213
"../../../Engine/Plugins/Animation/ControlRig/Content/Controls/ControlRig_Square_3mm.uexp" 1214
"../../../Engine/Plugins/Animation/ControlRig/Content/Controls/ControlRig_Square_solid.ubulk" 1215
"../../../Engine/Plugins/Animation/ControlRig/Content/Controls/ControlRig_Square_solid.uasset" 1216
"../../../Engine/Plugins/Animation/ControlRig/Content/Controls/ControlRig_Square_solid.uexp" 1217
"../../../Engine/Plugins/Animation/ControlRig/Content/Controls/ControlRig_Star4_1mm.ubulk" 1218
"../../../Engine/Plugins/Animation/ControlRig/Content/Controls/ControlRig_Star4_1mm.uasset" 1219
"../../../Engine/Plugins/Animation/ControlRig/Content/Controls/ControlRig_Star4_1mm.uexp" 1220
"../../../Engine/Plugins/Animation/ControlRig/Content/Controls/ControlRig_Star4_3mm.ubulk" 1221
"../../../Engine/Plugins/Animation/ControlRig/Content/Controls/ControlRig_Star4_3mm.uasset" 1222
"../../../Engine/Plugins/Animation/ControlRig/Content/Controls/ControlRig_Star4_3mm.uexp" 1223
"../../../Engine/Plugins/Animation/ControlRig/Content/Controls/ControlRig_Star4_solid.ubulk" 1224
"../../../Engine/Plugins/Animation/ControlRig/Content/Controls/ControlRig_Star4_solid.uasset" 1225
"../../../Engine/Plugins/Animation/ControlRig/Content/Controls/ControlRig_Star4_solid.uexp" 1226
"../../../Engine/Plugins/Animation/ControlRig/Content/Controls/ControlRig_Triangle_1mm.ubulk" 1227
"../../../Engine/Plugins/Animation/ControlRig/Content/Controls/ControlRig_Triangle_1mm.uasset" 1228
"../../../Engine/Plugins/Animation/ControlRig/Content/Controls/ControlRig_Triangle_1mm.uexp" 1229
"../../../Engine/Plugins/Animation/ControlRig/Content/Controls/ControlRig_Triangle_3mm.ubulk" 1230
"../../../Engine/Plugins/Animation/ControlRig/Content/Controls/ControlRig_Triangle_3mm.uasset" 1231
"../../../Engine/Plugins/Animation/ControlRig/Content/Controls/ControlRig_Triangle_3mm.uexp" 1232
"../../../Engine/Plugins/Animation/ControlRig/Content/Controls/ControlRig_Triangle_solid.ubulk" 1233
"../../../Engine/Plugins/Animation/ControlRig/Content/Controls/ControlRig_Triangle_solid.uasset" 1234
"../../../Engine/Plugins/Animation/ControlRig/Content/Controls/ControlRig_Triangle_solid.uexp" 1235
"../../../Engine/Plugins/Animation/ControlRig/Content/Controls/ControlRig_Wedge_1mm.ubulk" 1236
"../../../Engine/Plugins/Animation/ControlRig/Content/Controls/ControlRig_Wedge_1mm.uasset" 1237
"../../../Engine/Plugins/Animation/ControlRig/Content/Controls/ControlRig_Wedge_1mm.uexp" 1238
"../../../Engine/Plugins/Animation/ControlRig/Content/Controls/ControlRig_Wedge_3mm.ubulk" 1239
"../../../Engine/Plugins/Animation/ControlRig/Content/Controls/ControlRig_Wedge_3mm.uasset" 1240
"../../../Engine/Plugins/Animation/ControlRig/Content/Controls/ControlRig_Wedge_3mm.uexp" 1241
"../../../Engine/Plugins/Animation/ControlRig/Content/Controls/ControlRig_Wedge_solid.ubulk" 1242
"../../../Engine/Plugins/Animation/ControlRig/Content/Controls/ControlRig_Wedge_solid.uasset" 1243
"../../../Engine/Plugins/Animation/ControlRig/Content/Controls/ControlRig_Wedge_solid.uexp" 1244
"../../../Engine/Plugins/Media/MediaPlate/Content/SM_MediaPlateScreen.ubulk" 1245
"../../../Engine/Plugins/Media/MediaPlate/Content/SM_MediaPlateScreen.uasset" 1246
"../../../Engine/Plugins/Media/MediaPlate/Content/SM_MediaPlateScreen.uexp" 1247
"../../../Engine/Plugins/NNE/NNEDenoiser/Content/NNEDIM_ColorAlbedoNormal_Alpha.uasset" 1248
"../../../Engine/Plugins/NNE/NNEDenoiser/Content/NNEDIM_ColorAlbedoNormal_Alpha.uexp" 1249
"../../../Engine/Plugins/NNE/NNEDenoiser/Content/NNEDIM_ColorAlbedoNormal_Default.uasset" 1250
"../../../Engine/Plugins/NNE/NNEDenoiser/Content/NNEDIM_ColorAlbedoNormal_Default.uexp" 1251
"../../../Engine/Plugins/NNE/NNEDenoiser/Content/NNEDIM_HighQuality_Alpha.uasset" 1252
"../../../Engine/Plugins/NNE/NNEDenoiser/Content/NNEDIM_HighQuality_Alpha.uexp" 1253
"../../../Engine/Plugins/NNE/NNEDenoiser/Content/NNEDIM_HighQuality_Default.uasset" 1254
"../../../Engine/Plugins/NNE/NNEDenoiser/Content/NNEDIM_HighQuality_Default.uexp" 1255
"../../../Engine/Plugins/NNE/NNEDenoiser/Content/NNEDOM_Output_Alpha.uasset" 1256
"../../../Engine/Plugins/NNE/NNEDenoiser/Content/NNEDOM_Output_Alpha.uexp" 1257
"../../../Engine/Plugins/NNE/NNEDenoiser/Content/NNEDOM_Output_Default.uasset" 1258
"../../../Engine/Plugins/NNE/NNEDenoiser/Content/NNEDOM_Output_Default.uexp" 1259
"../../../Engine/Plugins/NNE/NNEDenoiser/Content/NNEDTIM_ColorAlbedoNormal_Alpha.uasset" 1260
"../../../Engine/Plugins/NNE/NNEDenoiser/Content/NNEDTIM_ColorAlbedoNormal_Alpha.uexp" 1261
"../../../Engine/Plugins/NNE/NNEDenoiser/Content/NNEDTIM_ColorAlbedoNormal_Default.uasset" 1262
"../../../Engine/Plugins/NNE/NNEDenoiser/Content/NNEDTIM_ColorAlbedoNormal_Default.uexp" 1263
"../../../Engine/Plugins/NNE/NNEDenoiser/Content/NNEDTOM_Output_Alpha.uasset" 1264
"../../../Engine/Plugins/NNE/NNEDenoiser/Content/NNEDTOM_Output_Alpha.uexp" 1265
"../../../Engine/Plugins/NNE/NNEDenoiser/Content/NNEDTOM_Output_Default.uasset" 1266
"../../../Engine/Plugins/NNE/NNEDenoiser/Content/NNEDTOM_Output_Default.uexp" 1267
"../../../Engine/Content/Functions/Engine_MaterialFunctions02/Texturing/CustomRotator.uasset" 1268
"../../../Engine/Content/Functions/Engine_MaterialFunctions02/Texturing/CustomRotator.uexp" 1269
"../../../Engine/Content/Functions/Engine_MaterialFunctions01/Gradient/GeneratedRoundRect.uasset" 1270
"../../../Engine/Content/Functions/Engine_MaterialFunctions01/Gradient/GeneratedRoundRect.uexp" 1271
"../../../Engine/Content/Functions/Engine_MaterialFunctions01/Gradient/SphereGradient-2D.uasset" 1272
"../../../Engine/Content/Functions/Engine_MaterialFunctions01/Gradient/SphereGradient-2D.uexp" 1273
"../../../Engine/Plugins/Runtime/AudioWidgets/Content/AudioMaterialSlate/Functions/MF_DotOutlined.uasset" 1274
"../../../Engine/Plugins/Runtime/AudioWidgets/Content/AudioMaterialSlate/Functions/MF_DotOutlined.uexp" 1275
"../../../Engine/Plugins/Runtime/AudioWidgets/Content/AudioMaterialSlate/M_AudioMaterialEnvelope_ADSR.uasset" 1276
"../../../Engine/Plugins/Runtime/AudioWidgets/Content/AudioMaterialSlate/M_AudioMaterialEnvelope_ADSR.uexp" 1277
"../../../Engine/Plugins/Runtime/AudioWidgets/Content/AudioMaterialSlate/MI_AudioMaterialEnvelope_ADSR.uasset" 1278
"../../../Engine/Plugins/Runtime/AudioWidgets/Content/AudioMaterialSlate/MI_AudioMaterialEnvelope_ADSR.uexp" 1279
"../../../Engine/Plugins/Runtime/AudioWidgets/Content/AudioMaterialSlate/Functions/MF_SingleLine_Smooth.uasset" 1280
"../../../Engine/Plugins/Runtime/AudioWidgets/Content/AudioMaterialSlate/Functions/MF_SingleLine_Smooth.uexp" 1281
"../../../Engine/Plugins/Runtime/AudioWidgets/Content/AudioMaterialSlate/Functions/MF_AngleGradient.uasset" 1282
"../../../Engine/Plugins/Runtime/AudioWidgets/Content/AudioMaterialSlate/Functions/MF_AngleGradient.uexp" 1283
"../../../Engine/Content/Functions/Engine_MaterialFunctions02/Lerp_3Color.uasset" 1284
"../../../Engine/Content/Functions/Engine_MaterialFunctions02/Lerp_3Color.uexp" 1285
"../../../Engine/Plugins/Runtime/AudioWidgets/Content/AudioMaterialSlate/M_AudioMaterialKnob.uasset" 1286
"../../../Engine/Plugins/Runtime/AudioWidgets/Content/AudioMaterialSlate/M_AudioMaterialKnob.uexp" 1287
"../../../Engine/Plugins/Runtime/AudioWidgets/Content/AudioMaterialSlate/MI_AudioMaterialKnob.uasset" 1288
"../../../Engine/Plugins/Runtime/AudioWidgets/Content/AudioMaterialSlate/MI_AudioMaterialKnob.uexp" 1289
"../../../Engine/Plugins/Runtime/AudioWidgets/Content/AudioMaterialSlate/Functions/MF_Lines.uasset" 1290
"../../../Engine/Plugins/Runtime/AudioWidgets/Content/AudioMaterialSlate/Functions/MF_Lines.uexp" 1291
"../../../Engine/Plugins/Runtime/AudioWidgets/Content/AudioMaterialSlate/M_AudioMaterialMeter.uasset" 1292
"../../../Engine/Plugins/Runtime/AudioWidgets/Content/AudioMaterialSlate/M_AudioMaterialMeter.uexp" 1293
"../../../Engine/Plugins/Runtime/AudioWidgets/Content/AudioMaterialSlate/MI_AudioMaterialMeter.uasset" 1294
"../../../Engine/Plugins/Runtime/AudioWidgets/Content/AudioMaterialSlate/MI_AudioMaterialMeter.uexp" 1295
"../../../Engine/Plugins/Runtime/AudioWidgets/Content/AudioMaterialSlate/M_AudioMaterialRoundedSlider.uasset" 1296
"../../../Engine/Plugins/Runtime/AudioWidgets/Content/AudioMaterialSlate/M_AudioMaterialRoundedSlider.uexp" 1297
"../../../Engine/Plugins/Runtime/AudioWidgets/Content/AudioMaterialSlate/MI_AudioMaterialRoundedSlider.uasset" 1298
"../../../Engine/Plugins/Runtime/AudioWidgets/Content/AudioMaterialSlate/MI_AudioMaterialRoundedSlider.uexp" 1299
"../../../Engine/Plugins/Runtime/AudioWidgets/Content/AudioMaterialSlate/Functions/MF_SingleLine.uasset" 1300
"../../../Engine/Plugins/Runtime/AudioWidgets/Content/AudioMaterialSlate/Functions/MF_SingleLine.uexp" 1301
"../../../Engine/Plugins/Runtime/AudioWidgets/Content/AudioMaterialSlate/M_AudioMaterialToggleButton.uasset" 1302
"../../../Engine/Plugins/Runtime/AudioWidgets/Content/AudioMaterialSlate/M_AudioMaterialToggleButton.uexp" 1303
"../../../Engine/Plugins/Runtime/AudioWidgets/Content/AudioMaterialSlate/MI_AudioMaterialToggleButton.uasset" 1304
"../../../Engine/Plugins/Runtime/AudioWidgets/Content/AudioMaterialSlate/MI_AudioMaterialToggleButton.uexp" 1305
"../../../Engine/Content/EngineResources/LandscapeVisibilityLayerInfo.uasset" 1306
"../../../Engine/Content/EngineResources/LandscapeVisibilityLayerInfo.uexp" 1307
"../../../Engine/Content/VREditor/TransformGizmo/StartRotationHandleIndicator.ubulk" 1308
"../../../Engine/Content/VREditor/TransformGizmo/StartRotationHandleIndicator.uasset" 1309
"../../../Engine/Content/VREditor/TransformGizmo/StartRotationHandleIndicator.uexp" 1310
"../../../Engine/Content/VREditor/Sounds/UI/Drop_Item_From_ContentBrowser.ubulk" 1311
"../../../Engine/Content/VREditor/Sounds/UI/Drop_Item_From_ContentBrowser.uasset" 1312
"../../../Engine/Content/VREditor/Sounds/UI/Drop_Item_From_ContentBrowser.uexp" 1313
"../../../Engine/Content/VREditor/TransformGizmo/PlaneTranslationHandle.ubulk" 1314
"../../../Engine/Content/VREditor/TransformGizmo/PlaneTranslationHandle.uasset" 1315
"../../../Engine/Content/VREditor/TransformGizmo/PlaneTranslationHandle.uexp" 1316
"../../../Engine/Content/VREditor/Sounds/UI/Object_Snaps_To_Grid.ubulk" 1317
"../../../Engine/Content/VREditor/Sounds/UI/Object_Snaps_To_Grid.uasset" 1318
"../../../Engine/Content/VREditor/Sounds/UI/Object_Snaps_To_Grid.uexp" 1319
"../../../Engine/Content/VREditor/Sounds/UI/Selection_Changes.ubulk" 1320
"../../../Engine/Content/VREditor/Sounds/UI/Selection_Changes.uasset" 1321
"../../../Engine/Content/VREditor/Sounds/UI/Selection_Changes.uexp" 1322
"../../../Engine/Content/VREditor/Sounds/UI/Object_Snaps_To_Another_Actor.ubulk" 1323
"../../../Engine/Content/VREditor/Sounds/UI/Object_Snaps_To_Another_Actor.uasset" 1324
"../../../Engine/Content/VREditor/Sounds/UI/Object_Snaps_To_Another_Actor.uexp" 1325
"../../../Engine/Content/VREditor/TransformGizmo/TranslucentTransformGizmoMaterial_Inst.uasset" 1326
"../../../Engine/Content/VREditor/TransformGizmo/TranslucentTransformGizmoMaterial_Inst.uexp" 1327
"../../../Engine/Content/VREditor/TransformGizmo/TransformGizmoFreeRotation.ubulk" 1328
"../../../Engine/Content/VREditor/TransformGizmo/TransformGizmoFreeRotation.uasset" 1329
"../../../Engine/Content/VREditor/TransformGizmo/TransformGizmoFreeRotation.uexp" 1330
"../../../Engine/Content/VREditor/Sounds/UI/Scaling_Down.ubulk" 1331
"../../../Engine/Content/VREditor/Sounds/UI/Scaling_Down.uasset" 1332
"../../../Engine/Content/VREditor/Sounds/UI/Scaling_Down.uexp" 1333
"../../../Engine/Content/Functions/Engine_MaterialFunctions02/SplitComponents.uasset" 1334
"../../../Engine/Content/Functions/Engine_MaterialFunctions02/SplitComponents.uexp" 1335
"../../../Engine/Content/VREditor/SnapGrid/SnapGridMaterial.uasset" 1336
"../../../Engine/Content/VREditor/SnapGrid/SnapGridMaterial.uexp" 1337
"../../../Engine/Content/VREditor/SnapGrid/SnapGridPlaneMesh.ubulk" 1338
"../../../Engine/Content/VREditor/SnapGrid/SnapGridPlaneMesh.uasset" 1339
"../../../Engine/Content/VREditor/SnapGrid/SnapGridPlaneMesh.uexp" 1340
"../../../Engine/Content/VREditor/Sounds/UI/Scaling_Up.ubulk" 1341
"../../../Engine/Content/VREditor/Sounds/UI/Scaling_Up.uasset" 1342
"../../../Engine/Content/VREditor/Sounds/UI/Scaling_Up.uexp" 1343
"../../../Engine/Content/VREditor/TransformGizmo/TransformGizmoMaterial_Inst.uasset" 1344
"../../../Engine/Content/VREditor/TransformGizmo/TransformGizmoMaterial_Inst.uexp" 1345
"../../../Engine/Content/VREditor/Sounds/UI/Gizmo_Handle_Clicked.ubulk" 1346
"../../../Engine/Content/VREditor/Sounds/UI/Gizmo_Handle_Clicked.uasset" 1347
"../../../Engine/Content/VREditor/Sounds/UI/Gizmo_Handle_Clicked.uexp" 1348
"../../../Engine/Content/VREditor/TransformGizmo/RotationHandleQuarter.ubulk" 1349
"../../../Engine/Content/VREditor/TransformGizmo/RotationHandleQuarter.uasset" 1350
"../../../Engine/Content/VREditor/TransformGizmo/RotationHandleQuarter.uexp" 1351
"../../../Engine/Content/VREditor/TransformGizmo/TranslateArrowHandle.ubulk" 1352
"../../../Engine/Content/VREditor/TransformGizmo/TranslateArrowHandle.uasset" 1353
"../../../Engine/Content/VREditor/TransformGizmo/TranslateArrowHandle.uexp" 1354
"../../../Engine/Content/VREditor/TransformGizmo/RotationHandleIndicator.ubulk" 1355
"../../../Engine/Content/VREditor/TransformGizmo/RotationHandleIndicator.uasset" 1356
"../../../Engine/Content/VREditor/TransformGizmo/RotationHandleIndicator.uexp" 1357
"../../../Engine/Content/VREditor/TransformGizmo/UniformScaleHandle.ubulk" 1358
"../../../Engine/Content/VREditor/TransformGizmo/UniformScaleHandle.uasset" 1359
"../../../Engine/Content/VREditor/TransformGizmo/UniformScaleHandle.uexp" 1360
"../../../Engine/Content/VREditor/TransformGizmo/RotationHandleFull.ubulk" 1361
"../../../Engine/Content/VREditor/TransformGizmo/RotationHandleFull.uasset" 1362
"../../../Engine/Content/VREditor/TransformGizmo/RotationHandleFull.uexp" 1363
"../../../Engine/Content/VREditor/Sounds/UI/Object_PickUp.ubulk" 1364
"../../../Engine/Content/VREditor/Sounds/UI/Object_PickUp.uasset" 1365
"../../../Engine/Content/VREditor/Sounds/UI/Object_PickUp.uexp" 1366
"../../../Engine/Plugins/Animation/DeformerGraph/Content/DeformerFunctions/DG_Function_ComputeNormalsTangents.uasset" 1367
"../../../Engine/Plugins/Animation/DeformerGraph/Content/DeformerFunctions/DG_Function_ComputeNormalsTangents.uexp" 1368
"../../../Engine/Plugins/Animation/DeformerGraph/Content/DeformerFunctions/DG_Function_LinearBlendSkin_Morph_Cloth.uasset" 1369
"../../../Engine/Plugins/Animation/DeformerGraph/Content/DeformerFunctions/DG_Function_LinearBlendSkin_Morph_Cloth.uexp" 1370
"../../../Engine/Plugins/Animation/DeformerGraph/Content/DeformerFunctions/DG_Function_LinearBlendSkin_Morph_Cloth_PositionOnly.uasset" 1371
"../../../Engine/Plugins/Animation/DeformerGraph/Content/DeformerFunctions/DG_Function_LinearBlendSkin_Morph_Cloth_PositionOnly.uexp" 1372
"../../../Engine/Plugins/Animation/DeformerGraph/Content/Deformers/DG_LinearBlendSkin_Morph_Cloth.uasset" 1373
"../../../Engine/Plugins/Animation/DeformerGraph/Content/Deformers/DG_LinearBlendSkin_Morph_Cloth.uexp" 1374
"../../../Engine/Plugins/Animation/DeformerGraph/Content/Deformers/DG_LinearBlendSkin_Morph_Cloth_RecomputeNormals.uasset" 1375
"../../../Engine/Plugins/Animation/DeformerGraph/Content/Deformers/DG_LinearBlendSkin_Morph_Cloth_RecomputeNormals.uexp" 1376
"../../../Engine/Plugins/NNE/NNEDenoiser/Content/NNEDT_Oidn2-3_Balanced.uasset" 1377
"../../../Engine/Plugins/NNE/NNEDenoiser/Content/NNEDT_Oidn2-3_Balanced.uexp" 1378
"../../../Engine/Plugins/NNE/NNEDenoiser/Content/NNEDT_Oidn2-3_Balanced_Alpha.uasset" 1379
"../../../Engine/Plugins/NNE/NNEDenoiser/Content/NNEDT_Oidn2-3_Balanced_Alpha.uexp" 1380
"../../../Engine/Plugins/NNE/NNEDenoiser/Content/NNED_Oidn2-3_Balanced.uasset" 1381
"../../../Engine/Plugins/NNE/NNEDenoiser/Content/NNED_Oidn2-3_Balanced.uexp" 1382
"../../../Engine/Plugins/NNE/NNEDenoiser/Content/NNED_Oidn2-3_Balanced_Alpha.uasset" 1383
"../../../Engine/Plugins/NNE/NNEDenoiser/Content/NNED_Oidn2-3_Balanced_Alpha.uexp" 1384
"../../../Engine/Plugins/NNE/NNEDenoiser/Content/NNED_Oidn2-3_Fast.uasset" 1385
"../../../Engine/Plugins/NNE/NNEDenoiser/Content/NNED_Oidn2-3_Fast.uexp" 1386
"../../../Engine/Plugins/NNE/NNEDenoiser/Content/NNED_Oidn2-3_Fast_Alpha.uasset" 1387
"../../../Engine/Plugins/NNE/NNEDenoiser/Content/NNED_Oidn2-3_Fast_Alpha.uexp" 1388
"../../../Engine/Plugins/NNE/NNEDenoiser/Content/NNED_Oidn2-3_HighQuality.uasset" 1389
"../../../Engine/Plugins/NNE/NNEDenoiser/Content/NNED_Oidn2-3_HighQuality.uexp" 1390
"../../../Engine/Plugins/NNE/NNEDenoiser/Content/NNED_Oidn2-3_HighQuality_Alpha.uasset" 1391
"../../../Engine/Plugins/NNE/NNEDenoiser/Content/NNED_Oidn2-3_HighQuality_Alpha.uexp" 1392
"../../../Engine/Plugins/NNE/NNEDenoiser/Content/NNE_oidn2-3-0_rt_hdr_alb_nrm_small__dyn__fp16_opset11_DenoiseAlpha.uasset" 1393
"../../../Engine/Plugins/NNE/NNEDenoiser/Content/NNE_oidn2-3-0_rt_hdr_alb_nrm_small__dyn__fp16_opset11_DenoiseAlpha.uexp" 1394
"../../../Engine/Plugins/NNE/NNEDenoiser/Content/NNE_oidn2-3-0_rt_hdr_alb_nrm_small__dyn__fp16_opset11_ForwardAlpha.uasset" 1395
"../../../Engine/Plugins/NNE/NNEDenoiser/Content/NNE_oidn2-3-0_rt_hdr_alb_nrm_small__dyn__fp16_opset11_ForwardAlpha.uexp" 1396
"../../../Engine/Plugins/NNE/NNEDenoiser/Content/NNE_oidn2-3-0_rt_hdr_alb_nrm__dyn__fp16_opset11_DenoiseAlpha.uasset" 1397
"../../../Engine/Plugins/NNE/NNEDenoiser/Content/NNE_oidn2-3-0_rt_hdr_alb_nrm__dyn__fp16_opset11_DenoiseAlpha.uexp" 1398
"../../../Engine/Plugins/NNE/NNEDenoiser/Content/NNE_oidn2-3-0_rt_hdr_alb_nrm__dyn__fp16_opset11_ForwardAlpha.uasset" 1399
"../../../Engine/Plugins/NNE/NNEDenoiser/Content/NNE_oidn2-3-0_rt_hdr_alb_nrm__dyn__fp16_opset11_ForwardAlpha.uexp" 1400
"../../../Engine/Plugins/NNE/NNEDenoiser/Content/NNE_oidn2-3-0_rt_hdr_calb_cnrm_large__dyn__fp16_opset11_DenoiseAlpha.uasset" 1401
"../../../Engine/Plugins/NNE/NNEDenoiser/Content/NNE_oidn2-3-0_rt_hdr_calb_cnrm_large__dyn__fp16_opset11_DenoiseAlpha.uexp" 1402
"../../../Engine/Plugins/NNE/NNEDenoiser/Content/NNE_oidn2-3-0_rt_hdr_calb_cnrm_large__dyn__fp16_opset11_ForwardAlpha.uasset" 1403
"../../../Engine/Plugins/NNE/NNEDenoiser/Content/NNE_oidn2-3-0_rt_hdr_calb_cnrm_large__dyn__fp16_opset11_ForwardAlpha.uexp" 1404
"D:/MonophonicDevelopment/Monophonic/Monophonic/Content/Erin/CreditsSetUp/Credits.uasset" 1405
"D:/MonophonicDevelopment/Monophonic/Monophonic/Content/Erin/CreditsSetUp/Credits.uexp" 1406
"D:/MonophonicDevelopment/Monophonic/Monophonic/Content/Erin/TitleScreenSetUp/MenuPawn.uasset" 1407
"D:/MonophonicDevelopment/Monophonic/Monophonic/Content/Erin/TitleScreenSetUp/MenuPawn.uexp" 1408
"D:/MonophonicDevelopment/Monophonic/Monophonic/Content/Erin/TitleScreenSetUp/MenuGameMode.uasset" 1409
"D:/MonophonicDevelopment/Monophonic/Monophonic/Content/Erin/TitleScreenSetUp/MenuGameMode.uexp" 1410
"D:/MonophonicDevelopment/Monophonic/Monophonic/Content/Erin/CreditsSetUp/CreditsScreen.uexp" 1411
"D:/MonophonicDevelopment/Monophonic/Monophonic/Content/Erin/CreditsSetUp/CreditsScreen.umap" 1412
"D:/MonophonicDevelopment/Monophonic/Monophonic/Content/Erin/EndOfDemoSetUp/EndOfDemo.uasset" 1413
"D:/MonophonicDevelopment/Monophonic/Monophonic/Content/Erin/EndOfDemoSetUp/EndOfDemo.uexp" 1414
"D:/MonophonicDevelopment/Monophonic/Monophonic/Content/Erin/RadioInteractive/RadioAudio/Backing/SadPiano.ubulk" 1415
"D:/MonophonicDevelopment/Monophonic/Monophonic/Content/Erin/RadioInteractive/RadioAudio/Backing/SadPiano.uasset" 1416
"D:/MonophonicDevelopment/Monophonic/Monophonic/Content/Erin/RadioInteractive/RadioAudio/Backing/SadPiano.uexp" 1417
"D:/MonophonicDevelopment/Monophonic/Monophonic/Content/Erin/EndOfDemoSetUp/DEMOEND.uexp" 1418
"D:/MonophonicDevelopment/Monophonic/Monophonic/Content/Erin/EndOfDemoSetUp/DEMOEND.umap" 1419
"D:/MonophonicDevelopment/Monophonic/Monophonic/Content/Erin/TitleScreenSetUp/TitleUI.uasset" 1420
"D:/MonophonicDevelopment/Monophonic/Monophonic/Content/Erin/TitleScreenSetUp/TitleUI.uexp" 1421
"D:/MonophonicDevelopment/Monophonic/Monophonic/Content/Erin/TitleScreenSetUp/TitleScreen.uexp" 1422
"D:/MonophonicDevelopment/Monophonic/Monophonic/Content/Erin/TitleScreenSetUp/TitleScreen.umap" 1423
"../../../Engine/Content/Maps/Entry_BuiltData.uasset" 1424
"../../../Engine/Content/Maps/Entry_BuiltData.uexp" 1425
"../../../Engine/Content/Maps/Entry.uexp" 1426
"../../../Engine/Content/Maps/Entry.umap" 1427
"D:/MonophonicDevelopment/Monophonic/Monophonic/Content/FirstPerson/Blueprints/BP_FirstPersonGameMode.uasset" 1428
"D:/MonophonicDevelopment/Monophonic/Monophonic/Content/FirstPerson/Blueprints/BP_FirstPersonGameMode.uexp" 1429
"D:/MonophonicDevelopment/Monophonic/Monophonic/Content/Daniels/MonophonicMap.uexp" 1430
"D:/MonophonicDevelopment/Monophonic/Monophonic/Content/Daniels/MonophonicMap.umap" 1431
